<?xml version="1.0" encoding="UTF-8" standalone="yes"?>
<addon id="repository.xbmchub" name="TVADDONS.CO Add-on Repository" version="3.0.0" provider-name="tvaddons">
	<extension point="xbmc.addon.repository" name="TVADDONS.CO Add-on Repository">
	<dir>
		<info compressed="false">https://raw.githubusercontent.com/tvaddonsco/tva-resolvers-repo/master/zips/addons.xml</info>
		<checksum>https://raw.githubusercontent.com/tvaddonsco/tva-resolvers-repo/master/zips/addons.xml.md5</checksum>
		<datadir zip="true">https://github.com/tvaddonsco/tva-resolvers-repo/raw/master/zips/</datadir>
	</dir>

    <dir>
		<info compressed="false">https://github.com/tvaddonsco/tva-release-repo/raw/master/addons.xml</info>
		<checksum>https://github.com/tvaddonsco/tva-release-repo/raw/master/addons.xml.md5</checksum>
		<datadir zip="true">https://github.com/tvaddonsco/tva-release-repo/raw/master/</datadir>
    </dir>
	</extension>
	<extension point="xbmc.addon.metadata">
		<summary>Unofficial Kodi Addons from TVADDONS.CO</summary>
		<description>Unofficial Kodi Addons from the TVADDONS.CO Add-on Repository. Please visit www.tvaddons.co for support!
                      
Kodi is a registered trademark of the XBMC Foundation. We are not connected to or in any other way affiliated with Kodi, Team Kodi, or the XBMC Foundation.</description>
         <disclaimer>TVADDONS.CO did not make all the add-ons in this repository and is not responsible for their content.</disclaimer>
		<platform>all</platform>
                <forum>https://www.tvaddons.co/forums</forum>
                <website>https://www.tvaddons.co</website>
	</extension>
</addon>
