<?xml version="1.0" encoding="utf-8"?>
<window>
	<coordinates>
		<left>650</left>
		<top>-5</top>
	</coordinates>
	<controls>
		<control type="group">
			<visible>![Window.IsVisible(startup) | Window.IsVisible(notification) | Window.IsVisible(busydialog) | Window.IsVisible(sliderdialog) | Window.IsVisible(volumebar) | Window.IsVisible(seekbar) | Window.IsVisible(fullscreenvideo) | Window.IsVisible(selectdialog)]</visible>
			<control type="image">
				<!-- Dialog background image -->
				<left>0</left>
				<top>0</top>
				<width>630</width>
				<height>140</height>
				<texture border="6">button-default.png</texture>
				<aspectratio>scale</aspectratio>				
			</control>
			<control type="label" id="30">
				<!-- Dialog heading -->
				<left>24</left>
				<top>15</top>
				<width>580</width>
				<height>38</height>
				<font>ctouch20</font>
				<align>center</align>
			</control>
			<control type="image">
				<left>24</left>
				<top>60</top>
				<width>580</width>
				<height>6</height>
				<texture>separator.png</texture>
			</control>
			<control type="label" id="31">
				<!-- Dialog line 1 -->
				<left>24</left>
				<top>68</top>
				<width>580</width>
				<height>30</height>
				<haspath>yes</haspath>
				<font>ctouch20</font>
				<align>center</align>
			</control>
			<control type="progress" id="32">
				<left>18</left>
				<top>110</top>
				<width>594</width>
				<height>18</height>
			</control>
		</control>
	</controls>
</window>