<?xml version="1.0" encoding="utf-8"?>
<includes>
	<include name="VideoListView">
		<control type="fixedlist" id="50">
			<viewtype label="31941">list</viewtype>
			<left>850</left>
			<top>200</top>
			<width>1030</width>
			<height>840</height>
			<itemgap>0</itemgap>
			<focusposition>3</focusposition>
			<movement>3</movement>
			<onleft>$VAR[ListScrollNavSets]</onleft>
			<onright>$VAR[ListScrollNavVideo]</onright>
			<onup>Control.SetFocus(80001,$INFO[Container(50).Position])</onup>
			<ondown>50</ondown>
			<preloaditems>3</preloaditems>
			<pagecontrol>1250</pagecontrol>	
			<itemlayout width="840" height="105">
				<control type="image">
					<left>0</left>
					<top>0</top>
					<width>1000</width>
					<height>105</height>
					<texture border="9">button-default.png</texture>
					<aspectratio>stretch</aspectratio>
					<animation condition="Control.HasFocus(50)" effect="fade" start="100" end="60" reversible="true">Conditional</animation>
				</control>
				<control type="image">
					<left>3</left>
					<top>24</top>
					<width>32</width>
					<height>32</height>
					<texture>$VAR[Overlay]</texture>
					<visible>!String.IsEmpty(ListItem.Duration) + !String.IsEqual(ListItem.DBTYPE,tvshow) + !String.IsEqual(ListItem.DBTYPE,season)</visible>					
				</control>
				<control type="image">
					<left>782</left>
					<top>18</top>
					<width>24</width>
					<height>24</height>
					<texture>overlayvideoextras.png</texture>
					<visible>!String.IsEmpty(Listitem.Art(sflogo))</visible>
				</control>
				<control type="image">
					<left>771</left>
					<top>48</top>
					<width>48</width>
					<height>48</height>
					<texture>$VAR[ListItemFlags]</texture>
				</control>
				<control type="group">
					<visible>![Container.Content(movies) | Container.Content(musicvideos) | Container.Content(tvshows) | Container.Content(seasons) | Container.Content(episodes) | Container.Content(addons)]</visible>
					<control type="label">
						<left>48</left>
						<top>12</top>
						<aligny>top</aligny>
						<width>940</width>
						<height>34</height>
						<font>ctouch22</font>
						<label>$INFO[ListItem.Label]</label>
						<include condition="Skin.HasSetting(text-autoscroll)">scrolltext</include>
						<animation condition="String.IsEmpty(ListItem.Label2)" effect="slide" start="0,0" end="0,16" time="0">Conditonal</animation>
					</control>
					<control type="label">
						<left>48</left>
						<top>12</top>
						<width>940</width>
						<height>34</height>
						<font>ctouch22</font>
						<textcolor>disabled-text</textcolor>
						<label>$INFO[ListItem.Label2]</label>
						<include condition="Skin.HasSetting(text-autoscroll)">scrolltext</include>
					</control>
				</control>
				<control type="group">
					<visible>Container.Content(addons)</visible>
					<control type="label">
						<left>48</left>
						<top>12</top>
						<width>940</width>
						<height>34</height>
						<font>ctouch22</font>
						<selectedcolor>listselected-text</selectedcolor>
						<label>$INFO[ListItem.Label]</label>
						<include condition="Skin.HasSetting(text-autoscroll)">scrolltext</include>
						<animation condition="String.IsEmpty(ListItem.AddonDescription)" effect="slide" start="0,0" end="0,16" time="0">Conditonal</animation>
					</control>
				</control>
				<control type="group">
					<visible>Container.Content(tvshows) | Container.Content(seasons)</visible>
					<control type="label">
						<left>48</left>
						<top>12</top>
						<width>940</width>
						<height>34</height>
						<font>ctouch22</font>
						<label>$INFO[ListItem.Label]</label>
						<include condition="Skin.HasSetting(text-autoscroll)">scrolltext</include>
						<animation condition="String.IsEmpty(ListItem.PlotOutline)" effect="slide" start="0,0" end="0,16" time="0">Conditonal</animation>
					</control>
					<control type="label">
						<left>48</left>
						<top>12</top>
						<width>940</width>
						<height>34</height>
						<font>ctouch22</font>
						<textcolor>disabled-text</textcolor>
						<label>$INFO[ListItem.PlotOutline]</label>
						<include condition="Skin.HasSetting(text-autoscroll)">scrolltext</include>
					</control>
				</control>
				<control type="group">
					<visible>Container.Content(movies) | Container.Content(musicvideos) | Container.Content(episodes)</visible>
					<control type="label">
						<left>48</left>
						<top>12</top>
						<width>940</width>
						<height>25</height>
						<font>ctouch22</font>
						<label>$INFO[ListItem.Label]</label>
						<include condition="Skin.HasSetting(text-autoscroll)">scrolltext</include>
						<animation condition="String.IsEmpty(ListItem.Duration)" effect="slide" start="0,0" end="0,16" time="0">Conditonal</animation>
					</control>
					<control type="image">
						<!-- Star Rating -->
						<left>25</left>
						<top>58</top>
						<width>150</width>
						<height>20</height>
						<texture>$VAR[MediaRating]</texture>
						<aspectratio>keep</aspectratio>
					</control>	
					<control type="label">
						<!-- Year -->
						<left>165</left>
						<top>60</top>
						<width>100</width>
						<height>20</height>
						<textcolor>disabled-text</textcolor>						
						<label>$INFO[ListItem.Year]</label>
						<font>ctouch18</font>
					</control>										
					<!-- Duration -->
					<control type="label">
						<left>250</left>
						<top>60</top>
						<width>200</width>
						<height>20</height>
						<font>ctouch18</font>
						<textcolor>disabled-text</textcolor>						
						<label>$INFO[Listitem.Duration(minutes)]</label>
						<visible>!String.IsEmpty(ListItem.Duration) + !String.IsEqual(ListItem.DBTYPE,tvshow) + !String.IsEqual(ListItem.DBTYPE,season)</visible>	
					</control>
				</control>
			</itemlayout>
			<focusedlayout width="840" height="105">
				<control type="image">
					<!-- Button focus slider -->
					<left>0</left>
					<top>0</top>
					<width>1000</width>
					<height>105</height>
					<texture border="9">button-default-focus.png</texture>
					<aspectratio>stretch</aspectratio>
				</control>				
				<control type="image">
					<left>0</left>
					<top>24</top>
					<width>48</width>
					<height>48</height>
					<texture>$VAR[Overlay]</texture>
					<visible>!String.IsEmpty(ListItem.Duration) + !String.IsEqual(ListItem.DBTYPE,tvshow) + !String.IsEqual(ListItem.DBTYPE,season)</visible>				
				</control>
				<control type="image">
					<left>782</left>
					<top>18</top>
					<width>24</width>
					<height>24</height>
					<texture>overlayvideoextras.png</texture>
					<visible>!String.IsEmpty(Listitem.Art(sflogo))</visible>
				</control>
				<control type="image">
					<left>771</left>
					<top>45</top>
					<width>48</width>
					<height>48</height>
					<texture>$VAR[ListItemFlags]</texture>
				</control>
				<control type="group">
					<visible>![Container.Content(movies) | Container.Content(musicvideos) | Container.Content(tvshows) | Container.Content(seasons) | Container.Content(episodes) | Container.Content(addons)]</visible>
					<control type="label">
						<left>48</left>
						<top>12</top>
						<width>940</width>
						<height>34</height>
						<font>ctouch22</font>
						<label>$INFO[ListItem.Label]</label>
						<include condition="Skin.HasSetting(text-autoscroll)">scrolltext</include>
						<animation condition="String.IsEmpty(ListItem.Label2)" effect="slide" start="0,0" end="0,16" time="0">Conditonal</animation>
					</control>
					<control type="label">
						<left>48</left>
						<top>48</top>
						<width>940</width>
						<height>34</height>
						<font>ctouch22</font>
						<textcolor>disabled-text</textcolor>
						<label>$INFO[ListItem.Label2]</label>
						<include condition="Skin.HasSetting(text-autoscroll)">scrolltext</include>
					</control>
				</control>
				<control type="group">
					<visible>Container.Content(addons)</visible>
					<control type="label">
						<left>48</left>
						<top>12</top>
						<width>940</width>
						<height>34</height>
						<font>ctouch22</font>
						<selectedcolor>listselected-text</selectedcolor>
						<label>$INFO[ListItem.Label]</label>
						<include condition="Skin.HasSetting(text-autoscroll)">scrolltext</include>
						<animation condition="String.IsEmpty(ListItem.AddonDescription)" effect="slide" start="0,0" end="0,16" time="0">Conditonal</animation>
					</control>
				</control>
				<control type="group">
					<visible>Container.Content(tvshows) | Container.Content(seasons)</visible>
					<control type="label">
						<left>48</left>
						<top>12</top>
						<width>940</width>
						<height>34</height>
						<font>ctouch22</font>
						<selectedcolor>listselected-text</selectedcolor>						
						<label>$INFO[ListItem.Label]</label>
						<include condition="Skin.HasSetting(text-autoscroll)">scrolltext</include>
						<animation condition="String.IsEmpty(ListItem.PlotOutline)" effect="slide" start="0,0" end="0,16" time="0">Conditonal</animation>
					</control>
					<control type="label">
						<left>48</left>
						<top>48</top>
						<width>940</width>
						<height>34</height>
						<font>ctouch22</font>
						<textcolor>disabled-text</textcolor>
						<label>$INFO[ListItem.PlotOutline]</label>
						<include condition="Skin.HasSetting(text-autoscroll)">scrolltext</include>
					</control>
				</control>
				<control type="group">
					<visible>Container.Content(movies) | Container.Content(musicvideos) | Container.Content(episodes)</visible>
					<control type="label">
						<left>48</left>
						<top>12</top>
						<width>940</width>
						<height>25</height>
						<font>ctouch22</font>
						<label>$INFO[ListItem.Label]</label>
						<include condition="Skin.HasSetting(text-autoscroll)">scrolltext</include>
						<animation condition="String.IsEmpty(ListItem.Duration)" effect="slide" start="0,0" end="0,16" time="0">Conditonal</animation>
					</control>
					<control type="image">
						<!-- Star Rating -->
						<left>25</left>
						<top>58</top>
						<width>150</width>
						<height>20</height>
						<texture>$VAR[MediaRating]</texture>
						<aspectratio>keep</aspectratio>
					</control>	
					<control type="label">
						<!-- Year -->
						<left>165</left>
						<top>60</top>
						<width>100</width>
						<height>20</height>
						<textcolor>disabled-text</textcolor>						
						<label>$INFO[ListItem.Year]</label>
						<font>ctouch18</font>
					</control>										
					<!-- Duration -->
					<control type="label">
						<left>250</left>
						<top>60</top>
						<width>200</width>
						<height>20</height>
						<font>ctouch18</font>
						<textcolor>disabled-text</textcolor>						
						<label>$INFO[Listitem.Duration(minutes)]</label>
						<visible>!String.IsEmpty(ListItem.Duration) + !String.IsEqual(ListItem.DBTYPE,tvshow) + !String.IsEqual(ListItem.DBTYPE,season)</visible>	
					</control>
				</control>
			</focusedlayout>
		</control>
		<control type="group" id="945">
			<visible>Control.IsVisible(50) + [Container.Content(movies) | Container.Content(tvshows)]  + [[System.IdleTime(60) + String.IsEqual(Skin.String(listview-idleanim),60)] | [System.IdleTime(90) + String.IsEqual(Skin.String(listview-idleanim),90)] | [System.IdleTime(120) + String.IsEqual(Skin.String(listview-idleanim),120)]]</visible>
			<animation effect="fade" start="0" end="100" time="1000">Visible</animation>
			<control type="wraplist" id="950">
				<left>-15</left>
				<top>-15</top>
				<width>15</width>
				<height>15</height>
				<viewtype label="31028">wrap</viewtype>
				<autoscroll>true</autoscroll>
				<scrolltime>4000</scrolltime>
				<orientation>horizontal</orientation>
				<itemlayout height="15" width="15"/>
				<focusedlayout height="15" width="15"/>
				<content target="video" limit="12">$VAR[ListDynamicContent]</content>
			</control>
			<control type="group" id="951">
				<visible>Control.IsVisible(950)</visible>
				<control type="image">
					<left>-132</left>
					<top>285</top>
					<width>132</width>
					<height>93</height>
					<texture background="true" diffuse="mask-rect.png">$INFO[Container(950).Listitem(2).Art(thumb)]</texture>
					<aspectratio scalediffuse="true" aligny="bottom">keep</aspectratio>
					<colordiffuse>LongDistance</colordiffuse>
					<animation type="TYPE" condition="!Container(950).OnNext" reversible="false">
						<effect type="slide" start="0,0" end="222,15" time="4000" tween="Sine" easing="in" />
					</animation>
				</control>
				<control type="image">
					<left>90</left>
					<top>300</top>
					<width>132</width>
					<height>93</height>
					<texture background="true" diffuse="mask-rect.png">$INFO[Container(950).Listitem(1).Art(thumb)]</texture>
					<aspectratio scalediffuse="true" aligny="bottom">keep</aspectratio>
					<colordiffuse>MiddleDistance</colordiffuse>
					<animation type="TYPE" condition="!Container(950).OnNext" reversible="false">
						<effect type="zoom" start="90,300,132,93" end="270,315,172,122" time="4000" tween="Sine" easing="in" />
						<effect type="fade" start="50" end="70" time="4000" tween="Sine" easing="in" />
					</animation>
				</control>
				<control type="image">
					<left>270</left>
					<top>315</top>
					<width>172</width>
					<height>122</height>
					<texture background="true" diffuse="mask-rect.png">$INFO[Container(950).Listitem(0).Art(thumb)]</texture>
					<aspectratio scalediffuse="true" aligny="bottom">keep</aspectratio>
					<animation type="TYPE" condition="!Container(950).OnNext" reversible="false">
						<effect type="zoom" start="270,315,172,122" end="375,345,610,430" time="4000" tween="Sine" easing="in" />
						<effect type="fade" start="58" end="100" time="4000" tween="Sine" easing="in" />
					</animation>
				</control>
				<control type="image">
					<left>375</left>
					<top>345</top>
					<width>610</width>
					<height>430</height>
					<texture background="true" diffuse="mask-rect.png">$INFO[Container(950).Listitem(-1).Art(thumb)]</texture>
					<aspectratio scalediffuse="true" aligny="bottom">keep</aspectratio>
					<animation condition="!Container(950).OnNext" effect="fade" start="100" end="0" time="1800" reversible="false">Conditional</animation>
				</control>
			</control>
		</control>
		<control type="group"><!-- Listitem icons -->
			<visible>Control.IsVisible(50) + !Control.IsVisible(945)</visible>
			<control type="image">
				<left>200</left>
				<bottom>450</bottom>
				<width>504</width>
				<height>504</height>
				<texture background="true" fallback="DefaultVideo.png">$INFO[ListItem.Icon]</texture>
				<aspectratio scalediffuse="true" align="center" aligny="center">keep</aspectratio>
				<visible>$EXP[isParentFolder]</visible>
			</control>
			<control type="group">
				<visible>$EXP[isnotParentFolder]</visible>
				<control type="image">
					<left>26</left>
					<bottom>290</bottom>
					<width>750</width>
					<height>650</height>
					<texture background="true" fallback="DefaultVideo.png" diffuse="mask-squ.png">$VAR[IconPoster]</texture>
					<aspectratio scalediffuse="true" align="center" aligny="center">keep</aspectratio>
				</control>				
				<control type="group"><!-- TV Shows, Seasons or Episodes -->
					<visible>[Container.Content(tvshows) | Container.Content(seasons) | Container.Content(episodes)]</visible>
					<include content="listitem-count">
						<param name="left" value="888" />
						<param name="top" value="634" />
						<param name="count" value="ListItem.Property(UnwatchedEpisodes)" />
						<param name="size" value="100" />
					</include>
				</control>
			</control>
			<control type="group">
				<control type="image">
					<!-- Logo -->
					<left>510</left>
					<top>546</top>
					<width>387</width>
					<height>150</height>
					<texture>$VAR[ListViewVideoLogo]</texture>
					<aligny>bottom</aligny>
					<aspectratio align="left">keep</aspectratio>
				</control>
				<control type="image">
					<left>10</left>
					<top>810</top>
					<width>782</width>
					<height>10</height>
					<texture>divider.png</texture>
					<visible>$EXP[isnotParentFolder]</visible>
				</control>
				<control type="textbox">
					<!-- Plot Outline -->
					<left>26</left>
					<top>820</top>
					<width>750</width>
					<height>230</height>
					<font>ctouch21</font>
					<label>$INFO[ListItem.PlotOutline]</label>
					<align>justify</align>
					<aligny>top</aligny>
					<include condition="Skin.HasSetting(text-autoscroll)">scrolltext</include>					
				</control>
				<control type="textbox">
					<!-- Plot (Show if no outline available) -->
					<left>26</left>
					<top>820</top>
					<width>750</width>
					<height>230</height>
					<font>ctouch21</font>
					<label>$INFO[ListItem.Plot]</label>
					<align>justify</align>
					<aligny>top</aligny>
					<visible>String.IsEmpty(ListItem.PlotOutline) + !String.IsEmpty(ListItem.Plot)</visible>
					<include condition="Skin.HasSetting(text-autoscroll)">scrolltext</include>
				</control>
				<control type="textbox">
					<left>26</left>
					<top>930</top>
					<width>800</width>
					<height>120</height>
					<font>ctouch18</font>
					<label>$INFO[ListItem.AddonDescription]</label>
				</control>
				
				<control type="group">
					<visible>ListItem.IsCollection</visible>
					<!-- Markers for off screen menu items -->
					<include content="page-offscreen-vertical">
						<param name="indicator1left" value="491"/>
						<param name="indicator1top" value="700"/>
						<param name="indicator2left" value="491"/>
						<param name="indicator2top" value="998"/>
						<param name="indicatorsize" value="24"/>
						<param name="indicatorcontainer" value="5050"/>
					</include>
					<!-- Show list of movies in Set if in Set node of library -->
					<control type="panel" id="5050">
						<left>26</left>
						<top>722</top>
						<width>954</width>
						<height>276</height>
						<orientation>vertical</orientation>
						<itemgap>0</itemgap>
						<onleft condition="Skin.HasSetting(lock-screensettings)">4501</onleft>
						<onleft condition="!Skin.HasSetting(lock-screensettings)">9000</onleft>
						<onright>50</onright>
						<onup>Control.SetFocus(80001,$INFO[Container(5050).Position])</onup>
						<ondown>5050</ondown>
						<itemlayout height="46" width="954">
							<control type="label">
								<left>10</left>
								<height>46</height>
								<width>934</width>
								<aligny>center</aligny>
								<label>$INFO[ListItem.Year,[COLOR disabled-text],[/COLOR]  -  ]$INFO[ListItem.Label]</label>
								<font>ctouch20</font>
							</control>
						</itemlayout>
						<focusedlayout height="46" width="954">
							<control type="image">
								<!-- Button focus slider -->
								<left>0</left>
								<top>0</top>
								<width>954</width>
								<height>46</height>
								<texture border="9">button-default-focus.png</texture>
								<aspectratio>stretch</aspectratio>
							</control>
							<control type="label">
								<left>10</left>
								<height>46</height>
								<width>934</width>
								<aligny>center</aligny>
								<label>$INFO[ListItem.Year,[COLOR disabled-text],[/COLOR]  -  ]$INFO[ListItem.Label]</label>
								<font>ctouch20</font>
							</control>
						</focusedlayout>
						<content sortby="year" sortorder="descending">$INFO[ListItem.FolderPath]</content>
					</control>
				</control>
			</control>
		</control>
		<include>sortletternotification</include>
		<include content="letterbar-vertical">
			<param name="searchleft" value="1848"/>
			<param name="searchtop" value="132"/>
			<param name="letterbarleft" value="1850"/>
			<param name="letterbartop" value="165"/>
			<param name="searchid" value="1240"/>
			<param name="letterbarid" value="1260"/>
			<param name="scrollbarid" value="1250"/>
			<param name="listitemid" value="50"/>
			<param name="illegalexitsearch" value="4503"/>
			<param name="illegalexitbar" value="4505"/>
			<param name="letterbarvisible" value="Control.IsVisible(50)+Skin.HasSetting(show-letterbar)+[Container.Content(sets)|Container.Content(movies)|Container.Content(tvshows)|Container.Content(musicvideos)]"/>
		</include>
		<control type="scrollbar" id="1250">
			<left>1872</left>
			<top>150</top>
			<width>18</width>
			<height>880</height>
			<onright>4504</onright>
			<onleft condition="Skin.HasSetting(show-letterbar) + [Container.Content(sets) | Container.Content(movies) | Container.Content(tvshows) | Container.Content(musicvideos)]">1260</onleft>
			<onleft condition="!Skin.HasSetting(show-letterbar) | ![Container.Content(sets) | Container.Content(movies) | Container.Content(tvshows) | Container.Content(musicvideos)]">50</onleft>
			<animation condition="!Control.HasFocus(1250) + !Container.Scrolling + !String.IsEqual(Skin.String(show-scrollbar),$LOCALIZE[31875])" effect="fade" start="100" end="0" time="200" reversible="true">Conditional</animation>
			<animation condition="Skin.HasSetting(show-letterbar) + [Container.Content(sets) | Container.Content(movies) | Container.Content(tvshows) | Container.Content(musicvideos)]" effect="slide" end="15,0" reversible="true">Conditional</animation>
			<visible>Control.IsVisible(50) + !String.IsEqual(Skin.String(show-scrollbar),$LOCALIZE[31877])</visible>
		</control>
		<!-- Play bump sound if user tries to leave sets list by undefined direction -->
		<include content="illegal-action">
			<param name="controlid" value="4501" />
			<param name="returnid" value="5050" />
		</include>
		<!-- Play bump sound if user tries to leave item list by undefined direction -->
		<include content="illegal-action">
			<param name="controlid" value="4502" />
			<param name="returnid" value="50" />
		</include>
		<!-- Play bump sound if user tries to leave search button by undefined direction -->
		<include content="illegal-action">
			<param name="controlid" value="4503" />
			<param name="returnid" value="1240" />
		</include>
		<!-- Play bump sound if user tries to leave scrollbar by undefined direction -->
		<include content="illegal-action">
			<param name="controlid" value="4504" />
			<param name="returnid" value="1250" />
		</include>
		<!-- Play bump sound if user tries to leave letterbar by undefined direction -->
		<include content="illegal-action">
			<param name="controlid" value="4505" />
			<param name="returnid" value="1260" />
		</include>
	</include>
	
	<include name="VideoIconView">
		<control type="panel" id="52">
			<left>30</left>
			<top>140</top>
			<width>1900</width>
			<height>950</height>
			<onleft condition="Skin.HasSetting(lock-screensettings)">4521</onleft>
			<onleft condition="!Skin.HasSetting(lock-screensettings)">9000</onleft>
			<onright>$VAR[ListScrollNavVideo]</onright>
			<onup>Control.SetFocus(80001,$INFO[Container(52).Position])</onup>
			<ondown>52</ondown>
			<viewtype label="31943">icon</viewtype>
			<pagecontrol>1252</pagecontrol>
			<itemlayout height="480" width="310">
				<control type="image">
					<left>0</left>
					<top>0</top>
					<width>260</width>
					<height>390</height>
					<aspectratio scalediffuse="true" align="center" aligny="center">keep</aspectratio>
					<align>center</align>
					<texture background="true" fallback="DefaultVideo.png" diffuse="mask-rect.png">$VAR[IconPoster]</texture>
					<visible>$EXP[isDefaultIcon] | ![Container.Content(movies) | Container.Content(tvshows)]</visible>
				</control>
				<control type="image">
					<left>0</left>
					<top>0</top>
					<width>260</width>
					<height>390</height>
					<aspectratio scalediffuse="true" align="center" aligny="center">scale</aspectratio>
					<align>center</align>
					<texture background="true"fallback="DefaultVideo.png" diffuse="mask-rect.png">$VAR[IconPoster]</texture>
					<visible>$EXP[isnotDefaultIcon] + [Container.Content(movies) | Container.Content(tvshows)]</visible>
				</control>
				<control type="image">
					<top>0</top>
					<right>50</right>
					<width>56</width>
					<height>56</height>
					<texture colordiffuse="ff000000" border="10">$VAR[Overlay_Corner]</texture>
				</control>														
				<control type="image">
					<!-- Watched Overlay -->
					<right>52</right>
					<top>0</top>
					<width>32</width>
					<height>32</height>
					<texture>$VAR[Overlay]</texture>
					<visible>!String.IsEmpty(ListItem.Duration) + !String.IsEqual(ListItem.DBTYPE,tvshow) + !String.IsEqual(ListItem.DBTYPE,season)</visible>				
				</control>
				<control type="image">
					<left>52</left>
					<top>46</top>
					<width>24</width>
					<height>24</height>
					<texture>overlayvideoextras.png</texture>
					<visible>!String.IsEmpty(Listitem.Art(sflogo))</visible>
				</control>								
				<control type="textbox">
					<left>0</left>
					<top>395</top>
					<width>280</width>
					<height>63</height>
					<font>ctouch18</font>
					<align>center</align>
					<include condition="Skin.HasSetting(text-autoscroll)">scrolltext</include>
					<label>$INFO[ListItem.Label]</label>
				</control>				
				<include content="listitem-count">
					<param name="left" value="225" />
					<param name="top" value="222" />
					<param name="count" value="ListItem.Property(UnwatchedEpisodes)" />
					<param name="size" value="70" />
				</include>
			</itemlayout>
			<focusedlayout height="480" width="310">
				<control type="group">
					<animation effect="zoom" start="100" end="110" center="auto" time="600" tween="back" easing="out" reversible="false">focus</animation>
					<control type="image">
						<left>5</left>
						<top>0</top>
						<width>260</width>
						<height>390</height>
						<aspectratio scalediffuse="true" align="center" aligny="center">keep</aspectratio>
						<align>center</align>						
						<texture background="true" fallback="DefaultVideo.png" diffuse="mask-rect.png">$VAR[IconPoster]</texture>
						<visible>$EXP[isDefaultIcon]</visible>
					</control>
					<control type="image">
						<left>5</left>
						<top>0</top>
						<width>260</width>
						<height>390</height>
						<align>center</align>								
						<texture diffuse="mask-rect.png" background="true" fallback="DefaultVideo.png">$VAR[IconPoster]</texture>
						<bordertexture border="6">homeiconliteorange.png</bordertexture>
						<bordersize>6</bordersize>
						<aspectratio scalediffuse="true" align="center" aligny="center">keep</aspectratio>
						<visible>$EXP[isnotDefaultIcon] + ![Container.Content(movies) | Container.Content(tvshows)]</visible>
					</control>
					<control type="image">
						<left>5</left>
						<top>10</top>
						<width>260</width>
						<height>390</height>
						<align>center</align>								
						<texture diffuse="mask-rect.png" background="true" fallback="DefaultVideo.png">$VAR[IconPoster]</texture>
						<bordertexture border="6">homeiconliteorange.png</bordertexture>
						<bordersize>6</bordersize>
						<aspectratio scalediffuse="true" align="center" aligny="center">scale</aspectratio>
						<visible>$EXP[isnotDefaultIcon] + [Container.Content(movies) | Container.Content(tvshows)]</visible>
					</control>
					<control type="image">
						<top>10</top>
						<right>45</right>
						<width>64</width>
						<height>64</height>
						<texture colordiffuse="ff000000" border="10">$VAR[Overlay_Corner]</texture>
					</control>															
					<control type="image">
						<!-- Watched Overlay -->
						<right>50</right>
						<top>10</top>
						<width>32</width>
						<height>32</height>
						<texture>$VAR[Overlay]</texture>
					<visible>!String.IsEmpty(ListItem.Duration) + !String.IsEqual(ListItem.DBTYPE,tvshow) + !String.IsEqual(ListItem.DBTYPE,season)</visible>				
					</control>
					<control type="image">
						<left>52</left>
						<top>46</top>
						<width>24</width>
						<height>24</height>
						<texture>overlayvideoextras.png</texture>
						<visible>!String.IsEmpty(Listitem.Art(sflogo))</visible>
					</control>
					<include content="listitem-count">
						<param name="left" value="216" />
						<param name="top" value="212" />
						<param name="count" value="ListItem.Property(UnwatchedEpisodes)" />
						<param name="size" value="70" />
					</include>
				</control>												
				<control type="textbox">
					<left>0</left>
					<top>410</top>
					<width>280</width>
					<height>63</height>
					<font>ctouch18</font>
					<align>center</align>
					<include condition="Skin.HasSetting(text-autoscroll)">scrolltext</include>
					<label>$INFO[ListItem.Label]</label>
					<visible>!Container().Scrolling</visible>
				</control>
			</focusedlayout>
		</control>
		<include>sortletternotification</include>
		<include content="letterbar-vertical">
			<param name="searchleft" value="1848"/>
			<param name="searchtop" value="132"/>
			<param name="letterbarleft" value="1850"/>
			<param name="letterbartop" value="165"/>
			<param name="searchid" value="1242"/>
			<param name="letterbarid" value="1262"/>
			<param name="scrollbarid" value="1252"/>
			<param name="listitemid" value="52"/>
			<param name="illegalexitsearch" value="4522"/>
			<param name="illegalexitbar" value="4524"/>
			<param name="letterbarvisible" value="Control.IsVisible(52)+Skin.HasSetting(show-letterbar)+[Container.Content(movies)|Container.Content(tvshows)|Container.Content(musicvideos)]"/>
		</include>
		<control type="scrollbar" id="1252">
			<left>1872</left>
			<top>150</top>
			<width>18</width>
			<height>880</height>
			<onright>4523</onright>
			<onleft condition="Skin.HasSetting(show-letterbar) + [Container.Content(movies) | Container.Content(tvshows) | Container.Content(musicvideos)]">1262</onleft>
			<onleft condition="!Skin.HasSetting(show-letterbar) | ![Container.Content(movies) | Container.Content(tvshows) | Container.Content(musicvideos)]">52</onleft>
			<animation condition="!Control.HasFocus(1252) + !Container.Scrolling + !String.IsEqual(Skin.String(show-scrollbar),$LOCALIZE[31875])" effect="fade" start="100" end="0" time="200" reversible="true">Conditional</animation>
			<animation condition="Skin.HasSetting(show-letterbar) + [Container.Content(movies) | Container.Content(tvshows) | Container.Content(musicvideos)]" effect="slide" end="15,0" reversible="true">Conditional</animation>
			<visible>$EXP[isEnabledScrollbar] + Control.IsVisible(52)</visible>
		</control>
		<!-- Play bump sound if user tries to leave item list by undefined direction -->
		<include content="illegal-action">
			<param name="controlid" value="4521" />
			<param name="returnid" value="52" />
		</include>
		<!-- Play bump sound if user tries to leave search button by undefined direction -->
		<include content="illegal-action">
			<param name="controlid" value="4522" />
			<param name="returnid" value="1242" />
		</include>
		<!-- Play bump sound if user tries to leave scrollbar by undefined direction -->
		<include content="illegal-action">
			<param name="controlid" value="4523" />
			<param name="returnid" value="1252" />
		</include>
		<!-- Play bump sound if user tries to leave letterbar by undefined direction -->
		<include content="illegal-action">
			<param name="controlid" value="4524" />
			<param name="returnid" value="1262" />
		</include>
	</include>
	<include name="BannerView">
		<control type="group">
			<visible>Control.IsVisible(53)</visible>
			<control type="list" id="53">
				<visible>container.content(musicvideo) + !String.IsEmpty(Container.FolderPath)</visible>
				<viewtype label="31946">banner</viewtype>
				<left>1000</left>
				<top>100</top>
				<width>870</width>
				<height>900</height>
				<pagecontrol>1253</pagecontrol>
				<onup>Control.SetFocus(80001,$INFO[Container(53).Position])</onup>
				<ondown>53</ondown>
				<onleft condition="Skin.HasSetting(lock-screensettings)">4531</onleft>
				<onleft condition="!Skin.HasSetting(lock-screensettings)">9000</onleft>
				<onright>$VAR[ListScrollNavVideo]</onright>
				<itemlayout width="813" height="200">
					<control type="image">
						<!-- Banner image -->
						<left>670</left>
						<top>10</top>
						<width>870</width>
						<height>150</height>
						<texture colordiffuse="UnFocusedPosters" background="true">$INFO[ListItem.Art(landscape)]</texture>
						<aspectratio>keep</aspectratio>
						<visible>$EXP[isnotParentFolder]</visible>
					</control>
					<control type="image">
						<!-- Go Back image -->
						<left>0</left>
						<top>0</top>
						<width>813</width>
						<height>150</height>
						<texture colordiffuse="UnFocusedPosters" background="true">$INFO[ListItem.Icon]</texture>
						<aspectratio>keep</aspectratio>
						<visible>$EXP[isParentFolder]</visible>
					</control>
					<include content="listitem-count">
						<param name="left" value="730" />
						<param name="top" value="104" />
						<param name="count" value="ListItem.Property(UnwatchedEpisodes)" />
						<param name="size" value="85" />
					</include>
				</itemlayout>
				<focusedlayout width="813" height="200">
					<control type="group">
						<animation condition="true" effect="zoom" start="100" end="119" center="auto">Conditional</animation>
						<animation effect="fade" start="100" end="50" condition="!Control.HasFocus(53)">Conditional</animation>
						<control type="image">
							<!-- Go Back image -->
							<left>0</left>
							<top>0</top>
							<width>813</width>
							<height>150</height>
							<texture background="true">$INFO[ListItem.Icon]</texture>
							<aspectratio>keep</aspectratio>
							<visible>$EXP[isParentFolder]</visible>
						</control>
						<control type="image">
							<!-- Banner image -->
							<left></left>
							<top>10</top>
							<width>813</width>
							<height>150</height>
							<texture background="true">$VAR[IconBanner]</texture>
							<bordertexture border="8">mask-hilite.png</bordertexture>
							<bordersize>8</bordersize>
							<aspectratio>keep</aspectratio>
							<visible>$EXP[isnotParentFolder]</visible>
						</control>
					</control>
					<include content="listitem-count">
						<param name="left" value="730" />
						<param name="top" value="104" />
						<param name="count" value="ListItem.Property(UnwatchedEpisodes)" />
						<param name="size" value="85" />
					</include>
				</focusedlayout>
			</control>
			<control type="group">
				<animation effect="fade" delay="300" start="0" end="100" time="200">Visible</animation>
				<control type="label">
					<!-- Go Back -->
					<left>45</left>
					<top>477</top>
					<width>900</width>
					<height>57</height>
					<font>ctouch38</font>
					<align>center</align>
					<label>$LOCALIZE[31688]</label>
					<visible>$EXP[isParentFolder]</visible>
				</control>
				<control type="group">
					<!-- Mini Fanart -->
					<visible>$EXP[isnotParentFolder]</visible>
					<control type="image">
						<left>201</left>
						<top>171</top>
						<width>588</width>
						<height>330</height>
						<texture background="true" fallback="DefaultTVShows.png">$INFO[ListItem.Art(fanart)]</texture>
						<aspectratio aligny="top">keep</aspectratio>
						<visible>Skin.HasSetting(background-fanarts)</visible>
					</control>
					<control type="image">
						<left>201</left>
						<top>171</top>
						<width>588</width>
						<height>330</height>
						<texture background="true" diffuse="mask-rect.png" fallback="DefaultTVShows.png">$INFO[ListItem.Art(thumb)]</texture>
						<aspectratio aligny="top">keep</aspectratio>
						<visible>!Skin.HasSetting(background-fanarts)</visible>
					</control>
				</control>
				<control type="grouplist">
					<left>45</left>
					<top>516</top>
					<width>900</width>
					<height>900</height>
					<itemgap>3</itemgap>
					<visible>$EXP[isnotEmptyIcon]</visible>
					<control type="group">
						<width>900</width>
						<height>75</height>
						<visible>$EXP[isnotParentFolder]</visible>
						<control type="image" id="7316">
							<!-- Show logo -->
							<left>352</left>
							<top>0</top>
							<width>194</width>
							<height>75</height>
							<texture>$VAR[VideoLogo]</texture>
							<aspectratio align="center" aligny="bottom">keep</aspectratio>
						</control>
						<control type="label">
							<!-- Title -->
							<left>0</left>
							<top>0</top>
							<width>900</width>
							<height>75</height>
							<label>[B]$INFO[ListItem.Label][/B]</label>
							<font>ctouch25</font>
							<align>center</align>
							<wrapmultiline>true</wrapmultiline>
							<include condition="Skin.HasSetting(text-autoscroll)">scrolltext</include>
							<visible>String.IsEmpty(Control.GetLabel(7316))</visible>
						</control>
					</control>
					<control type="label">
						<!-- First Aired -->
						<width>900</width>
						<height>39</height>
						<label>$INFO[ListItem.Premiered,[B]$LOCALIZE[20416]:[/B] ]</label>
						<font>ctouch22</font>
						<align>center</align>
					</control>
					<control type="label">
						<!-- Genre -->
						<width>900</width>
						<height>39</height>
						<label>$INFO[ListItem.Genre,[B]$LOCALIZE[515]:[/B] ]</label>
						<font>ctouch22</font>
						<align>center</align>
						<include condition="Skin.HasSetting(text-autoscroll)">scrolltext</include>
					</control>
					<control type="label">
						<!-- Rating -->
						<width>900</width>
						<height>39</height>
						<label>$INFO[ListItem.RatingAndVotes,[B]$LOCALIZE[563]:[/B] ]</label>
						<font>ctouch22</font>
						<align>center</align>
					</control>
					<control type="image">
						<width>900</width>
						<height>6</height>
						<texture>separator.png</texture>
						<visible>$EXP[isnotParentFolder]</visible>
					</control>
					<control type="textbox">
						<!-- Plot Outline -->
						<width>900</width>
						<height>248</height>
						<label>$INFO[ListItem.PlotOutline]</label>
						<font>ctouch20</font>
						<align>justify</align>
						<visible>!String.IsEmpty(ListItem.PlotOutline)</visible>
					</control>
					<control type="textbox">
						<!-- Plot (Show if no outline available)-->
						<width>900</width>
						<height>248</height>
						<label>$INFO[ListItem.Plot]</label>
						<font>ctouch20</font>
						<align>justify</align>
						<visible>String.IsEmpty(ListItem.PlotOutline)</visible>
					</control>
				</control>
				<include>sortletternotification</include>
				<include content="letterbar-vertical">
					<param name="searchleft" value="1833"/>
					<param name="searchtop" value="132"/>
					<param name="letterbarleft" value="1836"/>
					<param name="letterbartop" value="165"/>
					<param name="searchid" value="1243"/>
					<param name="letterbarid" value="1263"/>
					<param name="scrollbarid" value="1253"/>
					<param name="listitemid" value="53"/>
					<param name="illegalexitsearch" value="4532"/>
					<param name="illegalexitbar" value="4534"/>
					<param name="letterbarvisible" value="Control.IsVisible(53)+Skin.HasSetting(show-letterbar)+Container.Content(tvshows)"/>
				</include>
				<control type="scrollbar" id="1253">
					<left>1854</left>
					<top>150</top>
					<width>18</width>
					<height>880</height>
					<onright>4533</onright>
					<onleft condition="Skin.HasSetting(show-letterbar)">1263</onleft>
					<onleft condition="!Skin.HasSetting(show-letterbar) | Container.Content(tvshows)">53</onleft>
					<animation condition="!Control.HasFocus(1253) + !Container.Scrolling + !String.IsEqual(Skin.String(show-scrollbar),$LOCALIZE[31875])" effect="fade" start="100" end="0" time="200" reversible="true">Conditional</animation>
					<animation condition="Skin.HasSetting(show-letterbar)" effect="slide" end="15,0" reversible="true">Conditional</animation>
					<visible>Control.IsVisible(53) + $EXP[isEnabledScrollbar]</visible>
				</control>
			</control>
			<!-- Play bump sound if user tries to leave item list by undefined direction -->
			<include content="illegal-action">
				<param name="controlid" value="4531" />
				<param name="returnid" value="53" />
			</include>
			<!-- Play bump sound if user tries to leave search button by undefined direction -->
			<include content="illegal-action">
				<param name="controlid" value="4532" />
				<param name="returnid" value="1243" />
			</include>
			<!-- Play bump sound if user tries to leave scrollbar by undefined direction -->
			<include content="illegal-action">
				<param name="controlid" value="4533" />
				<param name="returnid" value="1253" />
			</include>
			<!-- Play bump sound if user tries to leave letterbar by undefined direction -->
			<include content="illegal-action">
				<param name="controlid" value="4534" />
				<param name="returnid" value="1263" />
			</include>
		</control>
	</include>
	<include name="VideoWrapView">
		<control type="wraplist" id="54">
			<visible>!Container.Content(episodes)</visible>
			<viewtype label="31942">wrap</viewtype>
			<left>0</left>
			<top>125</top>
			<width>1850</width>
			<height>1000</height>
			<onleft>54</onleft>
			<onright>54</onright>
			<onup>Control.SetFocus(80001,$INFO[Container(54).Position])</onup>
			<ondown>$VAR[ListScrollNavVideo]</ondown>
			<focusposition>0</focusposition>
			<orientation>horizontal</orientation>
			<preloaditems>4</preloaditems>
			<scrolltime>0</scrolltime>
			<pagecontrol>1254</pagecontrol>
			<itemlayout height="360" width="250" condition="Container.Content(movies) | Container.Content(tvshows) | Container.Content(seasons)">
				<control type="image">
					<left>10</left>
					<top>530</top>
					<height>360</height>
					<width>220</width>
					<texture background="true" fallback="DefaultVideo.png">$VAR[IconPoster]</texture>
					<aspectratio scalediffuse="false">scale</aspectratio>
				</control>
					<control type="image">
					<top>530</top>
					<right>20</right>
					<width>48</width>
					<height>48</height>
					<texture colordiffuse="ff000000" border="10">$VAR[Overlay_Corner]</texture>
				</control>																			
				<control type="image">
					<right>18</right>
					<top>530</top>
					<height>30</height>
					<width>30</width>
					<texture>$VAR[Overlay]</texture>
					<visible>!String.IsEmpty(ListItem.Duration) + !String.IsEqual(ListItem.DBTYPE,tvshow) + !String.IsEqual(ListItem.DBTYPE,season)</visible>				
				</control>
				<control type="image">
					<left>92</left>
					<top>550</top>
					<width>16</width>
					<height>16</height>
					<texture>overlayvideoextras.png</texture>
					<visible>!String.IsEmpty(Listitem.Art(sflogo))</visible>
				</control>
				<include content="listitem-count">
					<param name="left" value="42" />
					<param name="top" value="666" />
					<param name="count" value="ListItem.Property(UnwatchedEpisodes)" />
					<param name="size" value="54" />
				</include>
			</itemlayout>
			<itemlayout height="360" width="250" condition="!Container.Content(movies) + !Container.Content(tvshows) + !Container.Content(seasons)">
				<control type="image">
					<left>0</left>
					<top>550</top>
					<height>360</height>
					<width>220</width>
					<texture diffuse="mask-rect.png" background="true" fallback="DefaultVideo.png">$VAR[IconPoster]</texture>
					<colordiffuse>UnFocusedCovers</colordiffuse>
					<aspectratio scalediffuse="true">keep</aspectratio>
					<visible>!Container.Content(musicvideos)</visible>
				</control>
				<control type="image">
					<left>0</left>
					<top>550</top>
					<height>360</height>
					<width>220</width>
					<texture diffuse="mask-rect.png" background="true" fallback="DefaultMusicVideos.png">$VAR[IconPoster]</texture>
					<colordiffuse>UnFocusedCovers</colordiffuse>
					<aspectratio aligny="bottom" scalediffuse="true">keep</aspectratio>
					<visible>Container.Content(musicvideos)</visible>
				</control>
				<control type="image">
					<left>10</left>
					<top>550</top>
					<height>32</height>
					<width>32</width>
					<texture>$VAR[Overlay]</texture>
					<colordiffuse>UnFocusedCovers</colordiffuse>
					<visible>Container.Content(musicvideos)</visible>
				</control>
			</itemlayout>
			<focusedlayout height="910" width="625" condition="Container.Content(movies) | Container.Content(tvshows) | Container.Content(seasons)">
			  <control type="group">
				<control type="image">
					<left>30</left>
					<top>15</top>
					<height>875</height>
					<width>570</width>
					<aspectratio scalediffuse="false" aligny="bottom">scale</aspectratio>
					<texture background="true" fallback="DefaultVideo.png">$VAR[IconPoster]</texture>
				</control>
					<control type="image">
					<top>15</top>
					<right>25</right>
					<width>96</width>
					<height>96</height>
					<texture colordiffuse="ff000000" border="10">$VAR[Overlay_Corner]</texture>
				</control>																							
				<control type="image">
					<right>20</right>
					<top>10</top>
					<height>60</height>
					<width>60</width>
					<texture>$VAR[Overlay]</texture>
					<visible>!String.IsEmpty(ListItem.Duration) + !String.IsEqual(ListItem.DBTYPE,tvshow) + !String.IsEqual(ListItem.DBTYPE,season)</visible>				
				</control>
				<control type="image">
					<left>324</left>
					<top>192</top>
					<width>24</width>
					<height>24</height>
					<texture>overlayvideoextras.png</texture>
					<visible>!String.IsEmpty(Listitem.Art(sflogo))</visible>
				</control>
				<include content="listitem-count">
					<param name="left" value="255" />
					<param name="top" value="648" />
					<param name="count" value="ListItem.Property(UnwatchedEpisodes)" />
					<param name="size" value="90" />
				</include>
				<control type="image">
					<left>170</left>
					<top>170</top>
					<width>48</width>
					<height>48</height>
					<texture>$VAR[ListItemFlags]</texture>
				</control>
			  </control>	
			</focusedlayout>
			<focusedlayout height="350" width="270" condition="!Container.Content(movies) + !Container.Content(tvshows) + !Container.Content(seasons)">
				<control type="image">
					<left>0</left>
					<top>600</top>
					<height>60</height>
					<width>60</width>
					<texture>$VAR[Overlay]</texture>
					<visible>Container.Content(musicvideos)</visible>
				</control>
			</focusedlayout>
		</control>
		<control type="group">
			<visible>Control.IsVisible(54)</visible>
			<control type="image" id="7216">
				<!-- Show logo -->
				<left>408</left>
				<top>572</top>
				<width>393</width>
				<height>152</height>
				<texture>$VAR[VideoLogo]</texture>
				<aspectratio align="left" aligny="bottom">keep</aspectratio>
				<animation effect="fade" delay="100" start="0" end="100" time="200">Visible</animation>
				<visible>$EXP[isnotParentFolder]</visible>
			</control>
			<control type="label">
				<!-- Title -->
				<left>650</left>
				<top>125</top>
				<width>1200</width>
				<height>48</height>
				<font>ctouch38</font>
				<include condition="Skin.HasSetting(text-autoscroll)">scrolltext</include>
				<label>[B]$INFO[ListItem.Label][/B]</label>
				<wrapmultiline>true</wrapmultiline>
				<animation effect="fade" delay="100" start="0" end="100" time="200">Visible</animation>
				<visible>$EXP[isnotParentFolder] + String.IsEmpty(Control.GetLabel(7216))</visible>
			</control>
			<control type="label">
				<!-- Go Back -->
				<left>408</left>
				<top>772</top>
				<width>1394</width>
				<height>48</height>
				<font>ctouch30</font>
				<include condition="Skin.HasSetting(text-autoscroll)">scrolltext</include>
				<visible>$EXP[isParentFolder]</visible>
			</control>
			<control type="group">
				<visible>!String.IsEmpty(ListItem.Title)</visible>
				<control type="label">
					<!-- Duration -->
					<left>650</left>
					<top>590</top>
					<width>400</width>
					<height>38</height>
					<align>left</align>
					<font>ctouch18</font>
					<label>$INFO[Listitem.Duration,[B]Duración:[/B] ]</label>
					<visible>!Container.Content(tvshows) + !Container.Content(seasons)</visible>
				</control>
			<control type="group">
				<control type="label">
					<!-- Genero -->
					<left>650</left>
					<top>550</top>						
					<width>500</width>
					<height>39</height>
					<label>$INFO[ListItem.Genre,[B]Género:[/B] ]</label>
					<font>ctouch18</font>
				</control>
			</control>
			<control type="group">
				<control type="label">
					<!-- Año -->
					<left>650</left>
					<top>510</top>
					<width>400</width>
					<height>39</height>
					<label>$INFO[ListItem.Year,[B]Año:[/B] ]</label>
					<font>ctouch18</font>
				</control>
			</control>		
			<control type="group">
				<control type="label">
					<!-- Director -->
					<left>650</left>
					<top>470</top>						
					<width>400</width>
					<height>39</height>
					<label>$INFO[ListItem.Director,[B]Director:[/B] ]</label>
					<font>ctouch18</font>
				</control>
			</control>				
				
				<control type="image">
					<!-- Star Rating -->
					<left>650</left>
					<top>185</top>
					<width>165</width>
					<height>33</height>
					<texture>$VAR[MediaRating]</texture>
					<aspectratio>keep</aspectratio>
				</control>
				<control type="label">
					<!-- Star Rating -->
					<left>820</left>
					<top>189</top>
					<width>250</width>
					<height>33</height>
					<label>[B]$INFO[ListItem.RatingandVotes][/B]</label>
					<font>ctouch18</font>
				</control>				
				<control type="image">
					<!-- MPAA Rating -->
					<left>408</left>
					<top>500</top>
					<width>240</width>
					<height>70</height>
					<aligny>bottom</aligny>
					<texture>$VAR[VideoRating]</texture>
					<aspectratio>keep</aspectratio>
				</control>
				<control type="textbox">
					<!-- Plot Outline -->
					<left>820</left>
					<top>452</top>
					<width>1050</width>
					<height>216</height>
					<font>ctouch18</font>
					<label>$INFO[ListItem.PlotOutline]</label>
					<align>justify</align>
					<aligny>top</aligny>
				</control>
				<control type="textbox">
					<!-- Plot (Show if no outline available) -->
					<left>650</left>
					<top>235</top>
					<width>1200</width>
					<height>215</height>
					<font>ctouch20</font>
					<label>$INFO[ListItem.Plot]</label>
					<align>justify</align>
					<aligny>top</aligny>
					<visible>String.IsEmpty(ListItem.PlotOutline) + !String.IsEmpty(ListItem.Plot)</visible>
				</control>
			</control>
			<include>sortletternotification</include>
			<include content="letterbar-horizontal">
				<param name="searchleft" value="54"/>
				<param name="searchtop" value="954"/>
				<param name="letterbarleft" value="102"/>
				<param name="letterbartop" value="951"/>
				<param name="searchid" value="1244"/>
				<param name="letterbarid" value="1264"/>
				<param name="scrollbarid" value="1254"/>
				<param name="listitemid" value="54"/>
				<param name="illegalexitsearch" value="4542"/>
				<param name="illegalexitbar" value="4544"/>
				<param name="letterbarvisible" value="Control.IsVisible(54)+Skin.HasSetting(show-letterbar)+[Container.Content(movies)|Container.Content(tvshows)|Container.Content(musicvideos)]"/>
			</include>
			<control type="scrollbar" id="1254">
				<left>30</left>
				<top>1050</top>
				<width>1860</width>
				<height>18</height>
				<orientation>horizontal</orientation>
				<ondown>4543</ondown>
				<onup condition="Skin.HasSetting(show-letterbar) + [Container.Content(movies) | Container.Content(tvshows) | Container.Content(musicvideos)]">1264</onup>
				<onup condition="!Skin.HasSetting(show-letterbar) | ![Container.Content(movies) | Container.Content(tvshows) | Container.Content(musicvideos)]">54</onup>
				<animation condition="!Control.HasFocus(1254) + !Container.Scrolling + !String.IsEqual(Skin.String(show-scrollbar),$LOCALIZE[31875])" effect="fade" start="100" end="0" time="200" reversible="true">Conditional</animation>
				<animation condition="Skin.HasSetting(show-letterbar) + [Container.Content(movies) | Container.Content(tvshows) | Container.Content(musicvideos)]" effect="slide" end="0,15" reversible="true">Conditional</animation>
				<visible>$EXP[isEnabledScrollbar] + Control.IsVisible(54)</visible>
			</control>
			<!-- Play bump sound if user tries to leave item list by undefined direction -->
			<include content="illegal-action">
				<param name="controlid" value="4541" />
				<param name="returnid" value="54" />
			</include>
			<!-- Play bump sound if user tries to leave search button by undefined direction -->
			<include content="illegal-action">
				<param name="controlid" value="4542" />
				<param name="returnid" value="1244" />
			</include>
			<!-- Play bump sound if user tries to leave scrollbar by undefined direction -->
			<include content="illegal-action">
				<param name="controlid" value="4543" />
				<param name="returnid" value="1254" />
			</include>
			<!-- Play bump sound if user tries to leave letterbar by undefined direction -->
			<include content="illegal-action">
				<param name="controlid" value="4544" />
				<param name="returnid" value="1264" />
			</include>
		</control>
	</include>
	<include name="VideoWallView">
		<control type="panel" id="58">
			<visible>Container.Content(Sets) | Container.Content(movies) | Container.Content(tvshows) | Container.Content(seasons) | Container.Content(musicvideos) | Container.Content(addons)</visible>
			<left>1025</left>
			<top>200</top>
			<width>1000</width>
			<height>900</height>
			<onleft>$VAR[ListScrollNavSets]</onleft>
			<onright>$VAR[ListScrollNavVideo]</onright>
			<onup>Control.SetFocus(80001,$INFO[Container(58).Position])</onup>
			<ondown>58</ondown>
			<viewtype label="31944">wall</viewtype>
			<pagecontrol>1258</pagecontrol>
			<preloaditems>4</preloaditems>
			<animation type="TYPE" condition="Skin.HasSetting(tiltvideowallicon)" reversible="false">
				<effect type="rotatey" end="-15" />
				<effect type="slide" end="105,0" />
				<effect type="zoom" end="120" center="auto" />
			</animation>
			<itemlayout height="425" width="285" condition="Container.Content(Sets) | Container.Content(movies) | Container.Content(tvshows) | Container.Content(seasons)">
				<control type="image">
					<left>1</left>
					<top>1</top>
					<width>260</width>
					<height>400</height>
					<aspectratio scalediffuse="true" align="center" aligny="center">keep</aspectratio>
					<texture diffuse="mask-rect.png" background="true" fallback="DefaultVideo.png">$VAR[IconPoster]</texture>
					<visible>String.IsEmpty(ListItem.Art(thumb))</visible>
				</control>
				<control type="image">
					<left>1</left>
					<top>1</top>
					<width>260</width>
					<height>400</height>
					<aspectratio scalediffuse="true" align="center" aligny="center">scale</aspectratio>
					<texture diffuse="mask-rect.png" background="true" fallback="DefaultVideo.png">$VAR[IconPoster]</texture>
					<visible>!String.IsEmpty(ListItem.Art(thumb))</visible>
				</control>			
				<control type="image">
					<!-- Video special features available -->
					<left>2</left>
					<top>4</top>
					<width>24</width>
					<height>24</height>
					<texture>overlayvideoextras.png</texture>
					<visible>!String.IsEmpty(Listitem.Art(sflogo))</visible>
				</control>
				<control type="image">
					<top>0</top>
					<right>24</right>
					<width>56</width>
					<height>56</height>
					<texture colordiffuse="ff000000" border="10">$VAR[Overlay_Corner]</texture>
				</control>				
				<control type="image">
					<!-- Watched Overlay -->
					<right>24</right>
					<top>0</top>
					<width>32</width>
					<height>32</height>
					<texture>$VAR[Overlay]</texture>
					<visible>!String.IsEmpty(ListItem.Duration) + !String.IsEqual(ListItem.DBTYPE,tvshow) + !String.IsEqual(ListItem.DBTYPE,season)</visible>				
				</control>
				<include content="listitem-count">
					<param name="left" value="120" />
					<param name="top" value="238" />
					<param name="count" value="ListItem.Property(UnwatchedEpisodes)" />
					<param name="size" value="70" />
				</include>
			</itemlayout>
			<itemlayout height="210" width="210" condition="Container.Content(addons) | Container.Content(musicvideos)">
				<control type="image">
					<left>6</left>
					<top>6</top>
					<width>198</width>
					<height>198</height>
					<aspectratio scalediffuse="true" align="center" aligny="center">keep</aspectratio>
					<texture diffuse="mask-squ.png" background="true" fallback="DefaultVideo.png">$VAR[IconPoster]</texture>
				</control>
			</itemlayout>
			<focusedlayout height="425" width="285" condition="Container.Content(Sets) | Container.Content(movies) | Container.Content(tvshows) | Container.Content(seasons)">
				<control type="group">
					<animation effect="zoom" start="90" end="110" center="auto" time="200" tween="back" easing="out" reversible="false">focus</animation>
					<control type="image">
						<left>1</left>
						<top>1</top>
						<width>260</width>
						<height>400</height>
						<aspectratio scalediffuse="true" align="center" aligny="center">keep</aspectratio>
						<texture diffuse="mask-rect.png" background="true" fallback="DefaultVideo.png">$VAR[IconPoster]</texture>
						<visible>String.IsEmpty(ListItem.Art(thumb))</visible>
					</control>
					<control type="image">
						<left>1</left>
						<top>1</top>
						<width>260</width>
						<height>400</height>
						<aspectratio scalediffuse="true" align="center" aligny="center">scale</aspectratio>
						<texture diffuse="mask-rect.png" background="true" fallback="DefaultVideo.png">$VAR[IconPoster]</texture>
						<bordertexture border="6">homeiconliteorange.png</bordertexture>
						<bordersize>6</bordersize>						
						<visible>!String.IsEmpty(ListItem.Art(thumb))</visible>
					</control>
					<control type="image">
						<!-- Video special features available -->
						<left>16</left>
						<top>16</top>
						<width>24</width>
						<height>24</height>
						<texture>overlayvideoextras.png</texture>
						<visible>!String.IsEmpty(Listitem.Art(sflogo))</visible>
					</control>
					<control type="image">
						<top>0</top>
						<right>24</right>
						<width>56</width>
						<height>56</height>
						<texture colordiffuse="ff000000" border="10">$VAR[Overlay_Corner]</texture>
					</control>										
					<control type="image">
						<!-- Watched Overlay -->
						<right>24</right>
						<top>0</top>
						<width>32</width>
						<height>32</height>
						<texture>$VAR[Overlay]</texture>
					<visible>!String.IsEmpty(ListItem.Duration) + !String.IsEqual(ListItem.DBTYPE,tvshow) + !String.IsEqual(ListItem.DBTYPE,season)</visible>				
					</control>
					<include content="listitem-count">
						<param name="left" value="112" />
						<param name="top" value="228" />
						<param name="count" value="ListItem.Property(UnwatchedEpisodes)" />
						<param name="size" value="70" />
					</include>
				</control>
			</focusedlayout>
			<focusedlayout height="210" width="210" condition="Container.Content(addons) | Container.Content(musicvideos)">
				<control type="image">
					<left>6</left>
					<top>6</top>
					<width>198</width>
					<height>198</height>
					<aspectratio scalediffuse="true" align="center" aligny="center">keep</aspectratio>
					<texture diffuse="mask-squ.png" background="true" fallback="DefaultVideo.png">$VAR[IconPoster]</texture>
					<animation effect="zoom" start="90" end="112" center="auto" time="400" tween="back" easing="out" reversible="false">focus</animation>
				</control>
			</focusedlayout>
		</control>
		<control type="group">
			<visible>Control.IsVisible(58)</visible>
			<control type="image" id="7116">
				<!-- Show logo -->
				<left>26</left>
				<top>168</top>
				<width>377</width>
				<height>146</height>
				<texture >$VAR[VideoLogo]</texture>
				<aspectratio align="left" aligny="bottom">keep</aspectratio>
				<animation effect="fade" delay="200" start="0" end="100" time="200">Visible</animation>
			</control>
			<control type="image">
				<left>50</left>
				<top>330</top>
				<width>850</width>
				<height>500</height>
				<texture background="true" diffuse="mask-squ.png">$INFO[ListItem.Art(fanart)]</texture>
				<aspectratio scalediffuse="true" align="center" aligny="center">keep</aspectratio>				
			</control>		
			<control type="image">
				<left>50</left>
				<top>330</top>
				<width>850</width>
				<height>500</height>
				<aspectratio scalediffuse="true" align="center" aligny="center">keep</aspectratio>	
				<texture background="true" fallback="DefaultVideo.png" diffuse="mask-squ.png">$VAR[IconPoster]</texture>
				<visible>String.IsEmpty(ListItem.Art(fanart)) + !String.IsEmpty(ListItem.Art(thumb))</visible>
			</control>
			<control type="label">
				<!-- Title -->
				<left>50</left>
				<top>150</top>
				<width>900</width>
				<aligny>top</aligny>
				<height>111</height>
				<font>ctouch38</font>
				<include condition="Skin.HasSetting(text-autoscroll)">scrolltext</include>
				<label>[B]$INFO[ListItem.Label][/B]</label>
				<wrapmultiline>true</wrapmultiline>
				<visible>String.IsEmpty(Control.GetLabel(7116)) + $EXP[isnotParentFolder]</visible>
			</control>
			<control type="label">
				<!-- Go Back -->
				<left>50</left>
				<top>450</top>
				<width>750</width>
				<height>57</height>
				<font>ctouch38</font>
				<align>center</align>
				<include condition="Skin.HasSetting(text-autoscroll)">scrolltext</include>
				<visible>$EXP[isParentFolder]</visible>
			</control>
			<control type="group">
				<visible>!String.IsEmpty(ListItem.Title)</visible>
				<control type="label">
					<!-- Duration -->
					<left>338</left>
					<top>285</top>
					<width>200</width>
					<height>39</height>
					<font>ctouch18</font>
					<label>$INFO[Listitem.Duration,[B][COLOR orange]|[/COLOR][/B] ]</label>
					<visible>!Container.Content(tvshows) + !Container.Content(seasons)</visible>
				</control>
				<control type="label">
					<!-- Año -->
					<left>265</left>
					<top>285</top>
					<width>100</width>
					<height>39</height>
					<label>$INFO[ListItem.Year]</label>
					<font>ctouch18</font>
				</control>
				<control type="label">
					<!-- Director -->
					<left>477</left>
					<top>285</top>						
					<width>400</width>
					<height>39</height>
					<label>$INFO[ListItem.Director,[B][COLOR orange]|[/COLOR][/B] ]</label>
					<font>ctouch18</font>
				</control>				
				<control type="image">
					<left>825</left>
					<top>285</top>
					<width>48</width>
					<height>48</height>
					<texture>$VAR[ListItemFlags]</texture>
				</control>
				<control type="image">
					<!-- MPAA Rating -->
					<left>825</left>
					<top>285</top>
					<width>240</width>
					<height>70</height>
					<aligny>bottom</aligny>
					<texture>$VAR[VideoRating]</texture>
					<aspectratio>keep</aspectratio>
				</control>
				<control type="image">
					<!-- Star Rating -->
					<left>95</left>
					<top>286</top>
					<width>155</width>
					<height>33</height>
					<texture>$VAR[MediaRating]</texture>
					<aspectratio>keep</aspectratio>
				</control>
				<control type="label">
					<!-- Rating -->
					<left>50</left>
					<top>287</top>
					<width>350</width>
					<height>39</height>
					<label>[B]$INFO[ListItem.Rating][/B]</label>
					<font>ctouch16</font>
				</control>
				<control type="image">
					<left>10</left>
					<top>840</top>
					<width>930</width>
					<height>10</height>
					<texture>divider.png</texture>
					<visible>$EXP[isnotParentFolder]</visible>
				</control>				
				<control type="textbox">
					<!-- Plot Outline -->
					<left>50</left>
					<top>850</top>
					<width>850</width>
					<height>195</height>
					<font>ctouch21</font>
					<label>$INFO[ListItem.PlotOutline]</label>
				</control>
				<control type="textbox">
					<!-- Plot (Show if no outline available)-->
					<left>50</left>
					<top>850</top>
					<width>850</width>
					<height>195</height>
					<font>ctouch21</font>
					<label>$INFO[ListItem.Plot]</label>
					<visible>String.IsEmpty(ListItem.PlotOutline)</visible>
				</control>
				<control type="group">
					<visible>ListItem.IsCollection</visible>
					<!-- Markers for off screen menu items -->
					<include content="page-offscreen-vertical">
						<param name="indicator1left" value="389"/>
						<param name="indicator1top" value="494"/>
						<param name="indicator2left" value="389"/>
						<param name="indicator2top" value="979"/>
						<param name="indicatorsize" value="24"/>
						<param name="indicatorcontainer" value="5058"/>
					</include>
					<!-- Show list of movies in Set if in Set node of library -->
					<control type="panel" id="5058">
						<left>26</left>
						<top>518</top>
						<width>750</width>
						<height>460</height>
						<orientation>vertical</orientation>
						<itemgap>0</itemgap>
						<onleft condition="Skin.HasSetting(lock-screensettings)">noop</onleft>
						<onleft condition="!Skin.HasSetting(lock-screensettings)">9000</onleft>
						<onright>50</onright>
						<onup>Control.SetFocus(80001,$INFO[Container(5058).Position])</onup>
						<ondown>5058</ondown>
						<itemlayout height="46" width="750">
							<control type="label">
								<left>10</left>
								<height>46</height>
								<width>730</width>
								<aligny>center</aligny>
								<label>$INFO[ListItem.Year,[COLOR disabled-text],[/COLOR]  -  ]$INFO[ListItem.Label]</label>
								<font>ctouch20</font>
							</control>
						</itemlayout>
						<focusedlayout height="46" width="750">
							<control type="image">
								<!-- Button focus slider -->
								<left>0</left>
								<top>0</top>
								<width>750</width>
								<height>46</height>
								<texture border="9">button-default-focus.png</texture>
								<aspectratio>stretch</aspectratio>
							</control>
							<control type="label">
								<left>10</left>
								<height>46</height>
								<width>730</width>
								<aligny>center</aligny>
								<label>$INFO[ListItem.Year,[COLOR listselected-text],[/COLOR]  -  ]$INFO[ListItem.Label]</label>
								<font>ctouch20</font>
							</control>
						</focusedlayout>
						<content sortby="year" sortorder="descending">$INFO[ListItem.FolderPath]</content>
					</control>
				</control>
			</control>
			<include>sortletternotification</include>
			<include content="letterbar-vertical">
				<param name="searchleft" value="1848"/>
				<param name="searchtop" value="132"/>
				<param name="letterbarleft" value="1850"/>
				<param name="letterbartop" value="165"/>
				<param name="searchid" value="1248"/>
				<param name="letterbarid" value="1268"/>
				<param name="scrollbarid" value="1258"/>
				<param name="listitemid" value="58"/>
				<param name="illegalexitsearch" value="4582"/>
				<param name="illegalexitbar" value="4584"/>
				<param name="letterbarvisible" value="Control.IsVisible(58)+Skin.HasSetting(show-letterbar)+[Container.Content(Sets)|Container.Content(movies)|Container.Content(tvshows)|Container.Content(musicvideos)]"/>
			</include>
			<control type="scrollbar" id="1258">
				<left>1890</left>
				<top>200</top>
				<width>18</width>
				<height>870</height>
				<onright>4583</onright>
				<onleft condition="Skin.HasSetting(show-letterbar) + [Container.Content(sets) | Container.Content(movies) | Container.Content(tvshows) | Container.Content(musicvideos)]">1268</onleft>
				<onleft condition="!Skin.HasSetting(show-letterbar) | ![Container.Content(sets) | Container.Content(movies) | Container.Content(tvshows) | Container.Content(musicvideos)]">58</onleft>
				<animation condition="!Control.HasFocus(1258) + !Container.Scrolling + !String.IsEqual(Skin.String(show-scrollbar),$LOCALIZE[31875])" effect="fade" start="100" end="0" time="200" reversible="true">Conditional</animation>
				<animation condition="Skin.HasSetting(show-letterbar) + [Container.Content(sets) | Container.Content(movies) | Container.Content(tvshows) | Container.Content(musicvideos)]" effect="slide" end="15,0" reversible="true">Conditional</animation>
				<visible>$EXP[isEnabledScrollbar] + Control.IsVisible(58)</visible>
			</control>
			<!-- Play bump sound if user tries to leave item list by undefined direction -->
			<include content="illegal-action">
				<param name="controlid" value="4581" />
				<param name="returnid" value="58" />
			</include>
			<!-- Play bump sound if user tries to leave search button by undefined direction -->
			<include content="illegal-action">
				<param name="controlid" value="4582" />
				<param name="returnid" value="1248" />
			</include>
			<!-- Play bump sound if user tries to leave scrollbar by undefined direction -->
			<include content="illegal-action">
				<param name="controlid" value="4583" />
				<param name="returnid" value="1258" />
			</include>
			<!-- Play bump sound if user tries to leave letterbar by undefined direction -->
			<include content="illegal-action">
				<param name="controlid" value="4584" />
				<param name="returnid" value="1268" />
			</include>
		</control>
	</include>
	<include name="VideoPaisajeView">
		<control type="panel" id="59">
			<left>30</left>
			<top>140</top>
			<width>1900</width>
			<height>950</height>
			<onleft condition="Skin.HasSetting(lock-screensettings)">4521</onleft>
			<onleft condition="!Skin.HasSetting(lock-screensettings)">9000</onleft>
			<onright>$VAR[ListScrollNavVideo]</onright>
			<onup>Control.SetFocus(80001,$INFO[Container(59).Position])</onup>
			<ondown>59</ondown>
			<viewtype label="31947">paisaje</viewtype>
			<pagecontrol>1259</pagecontrol>
			<itemlayout height="320" width="370">
				<control type="image">
					<left>0</left>
					<top>0</top>
					<width>350</width>
					<height>240</height>
					<aspectratio scalediffuse="true" align="center" aligny="center">scale</aspectratio>
					<align>center</align>
					<texture background="true" fallback="DefaultVideo.png" diffuse="mask-rect.png">$VAR[IconPoster]</texture>
					<visible>$EXP[isDefaultIcon] | ![Container.Content(movies) | Container.Content(tvshows)]</visible>
				</control>
				<control type="image">
					<left>0</left>
					<top>0</top>
					<width>350</width>
					<height>240</height>
					<aspectratio scalediffuse="true" align="center" aligny="center">scale</aspectratio>
					<align>center</align>
					<texture background="true"fallback="DefaultVideo.png" diffuse="mask-rect.png">$VAR[IconPoster]</texture>
					<visible>$EXP[isnotDefaultIcon] + [Container.Content(movies) | Container.Content(tvshows)]</visible>
				</control>
					<control type="image">
					<top>0</top>
					<right>20</right>
					<width>48</width>
					<height>48</height>
					<texture colordiffuse="ff000000" border="10">$VAR[Overlay_Corner]</texture>
				</control>																							
				<control type="image">
					<!-- Watched Overlay -->
					<right>19</right>
					<top>0</top>
					<width>30</width>
					<height>30</height>
					<texture>$VAR[Overlay]</texture>
					<visible>!String.IsEmpty(ListItem.Duration) + !String.IsEqual(ListItem.DBTYPE,tvshow) + !String.IsEqual(ListItem.DBTYPE,season)</visible>				
				</control>
				<control type="image">
					<left>52</left>
					<top>46</top>
					<width>24</width>
					<height>24</height>
					<texture>overlayvideoextras.png</texture>
					<visible>!String.IsEmpty(Listitem.Art(sflogo))</visible>
				</control>								
				<control type="textbox">
					<left>0</left>
					<top>250</top>
					<width>350</width>
					<height>37</height>
					<font>ctouch18</font>
					<align>center</align>
					<include condition="Skin.HasSetting(text-autoscroll)">scrolltext</include>
					<label>$INFO[ListItem.Label]</label>
				</control>				
				<include content="listitem-count">
					<param name="left" value="225" />
					<param name="top" value="222" />
					<param name="count" value="ListItem.Property(UnwatchedEpisodes)" />
					<param name="size" value="70" />
				</include>
			</itemlayout>
			<focusedlayout height="320" width="370">
				<control type="group">
					<animation effect="zoom" start="100" end="110" center="auto" time="600" tween="back" easing="out" reversible="false">focus</animation>
					<control type="image">
						<left>5</left>
						<top>0</top>
						<width>350</width>
						<height>240</height>
						<aspectratio scalediffuse="true" align="center" aligny="center">keep</aspectratio>
						<align>center</align>						
						<texture background="true" fallback="DefaultVideo.png" diffuse="mask-rect.png">$VAR[IconPoster]</texture>
						<visible>$EXP[isDefaultIcon]</visible>
					</control>
					<control type="image">
						<left>5</left>
						<top>0</top>
						<width>350</width>
						<height>240</height>
						<align>center</align>								
						<texture diffuse="mask-rect.png" background="true" fallback="DefaultVideo.png">$VAR[IconPoster]</texture>
						<bordertexture border="6">homeiconliteorange.png</bordertexture>
						<bordersize>6</bordersize>
						<aspectratio scalediffuse="true" align="center" aligny="center">scale</aspectratio>
						<visible>$EXP[isnotDefaultIcon] + ![Container.Content(movies) | Container.Content(tvshows)]</visible>
					</control>
					<control type="image">
						<left>5</left>
						<top>10</top>
						<width>350</width>
						<height>240</height>
						<align>center</align>								
						<texture diffuse="mask-rect.png" background="true" fallback="DefaultVideo.png">$VAR[IconPoster]</texture>
						<bordertexture border="6">homeiconliteorange.png</bordertexture>
						<bordersize>6</bordersize>
						<aspectratio scalediffuse="true" align="center" aligny="center">scale</aspectratio>
						<visible>$EXP[isnotDefaultIcon] + [Container.Content(movies) | Container.Content(tvshows)]</visible>
					</control>
						<control type="image">
						<top>10</top>
						<right>15</right>
						<width>48</width>
						<height>48</height>
						<texture colordiffuse="ff000000" border="10">$VAR[Overlay_Corner]</texture>
					</control>																												
					<control type="image">
						<!-- Watched Overlay -->
						<right>13</right>
						<top>12</top>
						<width>30</width>
						<height>30</height>
						<texture>$VAR[Overlay]</texture>
					<visible>!String.IsEmpty(ListItem.Duration) + !String.IsEqual(ListItem.DBTYPE,tvshow) + !String.IsEqual(ListItem.DBTYPE,season)</visible>				
					</control>
					<control type="textbox">
						<left>0</left>
						<top>250</top>
						<width>350</width>
						<height>37</height>
						<font>ctouch18</font>
						<align>center</align>
						<include condition="Skin.HasSetting(text-autoscroll)">scrolltext</include>
						<label>$INFO[ListItem.Label]</label>
					</control>									
					<control type="image">
						<left>52</left>
						<top>46</top>
						<width>24</width>
						<height>24</height>
						<texture>overlayvideoextras.png</texture>
						<visible>!String.IsEmpty(Listitem.Art(sflogo))</visible>
					</control>
					<include content="listitem-count">
						<param name="left" value="216" />
						<param name="top" value="212" />
						<param name="count" value="ListItem.Property(UnwatchedEpisodes)" />
						<param name="size" value="70" />
					</include>
				</control>												
			</focusedlayout>
		</control>
		<include>sortletternotification</include>
		<include content="letterbar-vertical">
			<param name="searchleft" value="1848"/>
			<param name="searchtop" value="132"/>
			<param name="letterbarleft" value="1850"/>
			<param name="letterbartop" value="165"/>
			<param name="searchid" value="1242"/>
			<param name="letterbarid" value="1262"/>
			<param name="scrollbarid" value="1259"/>
			<param name="listitemid" value="59"/>
			<param name="illegalexitsearch" value="4522"/>
			<param name="illegalexitbar" value="4524"/>
			<param name="letterbarvisible" value="Control.IsVisible(59)+Skin.HasSetting(show-letterbar)+[Container.Content(movies)|Container.Content(tvshows)|Container.Content(musicvideos)]"/>
		</include>
		<control type="scrollbar" id="1259">
			<left>1872</left>
			<top>150</top>
			<width>18</width>
			<height>880</height>
			<onright>4523</onright>
			<onleft condition="Skin.HasSetting(show-letterbar) + [Container.Content(movies) | Container.Content(tvshows) | Container.Content(musicvideos)]">1269</onleft>
			<onleft condition="!Skin.HasSetting(show-letterbar) | ![Container.Content(movies) | Container.Content(tvshows) | Container.Content(musicvideos)]">59</onleft>
			<animation condition="!Control.HasFocus(1259) + !Container.Scrolling + !String.IsEqual(Skin.String(show-scrollbar),$LOCALIZE[31875])" effect="fade" start="100" end="0" time="200" reversible="true">Conditional</animation>
			<animation condition="Skin.HasSetting(show-letterbar) + [Container.Content(movies) | Container.Content(tvshows) | Container.Content(musicvideos)]" effect="slide" end="15,0" reversible="true">Conditional</animation>
			<visible>$EXP[isEnabledScrollbar] + Control.IsVisible(59)</visible>
		</control>
		<!-- Play bump sound if user tries to leave item list by undefined direction -->
		<include content="illegal-action">
			<param name="controlid" value="4521" />
			<param name="returnid" value="59" />
		</include>
		<!-- Play bump sound if user tries to leave search button by undefined direction -->
		<include content="illegal-action">
			<param name="controlid" value="4522" />
			<param name="returnid" value="1249" />
		</include>
		<!-- Play bump sound if user tries to leave scrollbar by undefined direction -->
		<include content="illegal-action">
			<param name="controlid" value="4523" />
			<param name="returnid" value="1259" />
		</include>
		<!-- Play bump sound if user tries to leave letterbar by undefined direction -->
		<include content="illegal-action">
			<param name="controlid" value="4524" />
			<param name="returnid" value="1269" />
		</include>
	</include>	
</includes>