<?xml version="1.0" encoding="utf-8"?>
<includes>
	<default type="label">
		<font>stouch25</font>
		<scroll>false</scroll>
		<scrollsuffix> • </scrollsuffix>
		<textcolor>button-text</textcolor>
		<shadowcolor>shadow-text</shadowcolor>
		<selectedcolor>listselected-text</selectedcolor>
		<aligny>center</aligny>
	</default>
	<default type="fadelabel">
		<font>stouch25</font>
		<textcolor>button-text</textcolor>
		<shadowcolor>shadow-text</shadowcolor>
		<selectedcolor>listselected-text</selectedcolor>
		<disabledcolor>disabled-text</disabledcolor>
		<scroll>false</scroll>
		<scrollout>false</scrollout>
		<pauseatend>4000</pauseatend>
		<scrollsuffix> • </scrollsuffix>
		<aligny>center</aligny>
	</default>
	<default type="button">
		<texturefocus border="9">button-default-focus.png</texturefocus>
		<texturenofocus border="9">button-default.png</texturenofocus>
		<font>stouch25</font>
		<textcolor>button-text</textcolor>
		<shadowcolor>shadow-text</shadowcolor>
		<disabledcolor>disabled-text</disabledcolor>
		<invalidcolor>invalid-text</invalidcolor>
		<pulseonselect>false</pulseonselect>
		<textoffsetx>27</textoffsetx>
		<aligny>center</aligny>
	</default>
	<default type="togglebutton">
		<texturefocus border="9">button-default-focus.png</texturefocus>
		<texturenofocus border="9">button-default.png</texturenofocus>
		<alttexturefocus border="9">button-default-focus.png</alttexturefocus>
		<alttexturenofocus border="9">button-default.png</alttexturenofocus>
		<font>stouch25</font>
		<textcolor>button-text</textcolor>
		<shadowcolor>shadow-text</shadowcolor>
		<disabledcolor>disabled-text</disabledcolor>
		<pulseonselect>false</pulseonselect>
		<textoffsetx>27</textoffsetx>
		<aligny>center</aligny>
	</default>
	<default type="textbox">
		<font>stouch25</font>
		<textcolor>button-text</textcolor>
		<shadowcolor>shadow-text</shadowcolor>
		<autoscroll time="4000" delay="6000" repeat="5000">!System.ScreenSaverActive</autoscroll>
	</default>
	<default type="progress">
		<texturebg border="8,0,8,0">progress-background.png</texturebg>
		<midtexture border="12,0,12,0">progress-bar-focus.png</midtexture>
		<overlaytexture />
		<colordiffuse>ProgressBarColor</colordiffuse>
	</default>
	<default type="scrollbar">
		<texturesliderbackground border="8">scrollbar_background.png</texturesliderbackground>
		<texturesliderbar border="8">scrollbar_bar.png</texturesliderbar>
		<texturesliderbarfocus border="8">scrollbar_bar_focus.png</texturesliderbarfocus>
		<showonepage>false</showonepage>
		<pulseonselect>false</pulseonselect>
		<colordiffuse>ScrollBarColor</colordiffuse>
	</default>
	<default type="spincontrol">
		<textureup>scroll-up.png</textureup>
		<texturedown>scroll-down.png</texturedown>
		<textureupfocus>scroll-up-focus.png</textureupfocus>
		<texturedownfocus>scroll-down-focus.png</texturedownfocus>
		<textureupdisabled>scroll-up.png</textureupdisabled>
		<texturedowndisabled>scroll-down.png</texturedowndisabled>
		<align>right</align>
		<width>48</width>
		<height>48</height>
		<font>stouch25</font>
		<textcolor>button-text</textcolor>
		<shadowcolor>shadow-text</shadowcolor>
		<disabledcolor>disabled-text</disabledcolor>
		<pulseonselect>false</pulseonselect>
		<subtype>text</subtype>
	</default>
	<default type="spincontrolex">
		<spinwidth>48</spinwidth>
		<spinheight>48</spinheight>
		<texturefocus border="9">button-default-focus.png</texturefocus>
		<texturenofocus border="9">button-default.png</texturenofocus>
		<textureup>scroll-up.png</textureup>
		<texturedown>scroll-down.png</texturedown>
		<textureupfocus>scroll-up-focus.png</textureupfocus>
		<texturedownfocus>scroll-down-focus.png</texturedownfocus>
		<textureupdisabled>scroll-up.png</textureupdisabled>
		<texturedowndisabled>scroll-down.png</texturedowndisabled>
		<font>stouch25</font>
		<textcolor>button-text</textcolor>
		<shadowcolor>shadow-text</shadowcolor>
		<disabledcolor>disabled-text</disabledcolor>
		<pulseonselect>false</pulseonselect>
		<textoffsetx>27</textoffsetx>
		<aligny>center</aligny>
		<reverse>yes</reverse>
	</default>
	<default type="radiobutton">
		<texturefocus border="9">button-default-focus.png</texturefocus>
		<texturenofocus border="9">button-default.png</texturenofocus>
		<radiowidth />
		<radioheight />
		<font>stouch25</font>
		<textcolor>button-text</textcolor>
		<shadowcolor>shadow-text</shadowcolor>
		<disabledcolor>disabled-text</disabledcolor>
		<pulseonselect>false</pulseonselect>
		<textoffsetx>27</textoffsetx>
		<aligny>center</aligny>
	</default>
	<default type="slider">
		<texturesliderbar>blank.png</texturesliderbar>
		<textureslidernib>progress-marker.png</textureslidernib>
		<textureslidernibfocus>progress-marker-focus.png</textureslidernibfocus>
		<pulseonselect>false</pulseonselect>
		<orientation>horizontal</orientation>
	</default>
	<default type="sliderex">
		<font>stouch25</font>
		<textcolor>button-text</textcolor>
		<shadowcolor>shadow-text</shadowcolor>
		<disabledcolor>disabled-text</disabledcolor>
		<texturefocus border="9">button-default-focus.png</texturefocus>
		<texturenofocus border="9">button-default.png</texturenofocus>
		<texturesliderbar colordiffuse="ProgressBarColor" border="8">progress-bar-focus.png</texturesliderbar>
		<textureslidernib>progress-marker.png</textureslidernib>
		<textureslidernibfocus>progress-marker-focus.png</textureslidernibfocus>
		<pulseonselect>false</pulseonselect>
		<sliderwidth>200</sliderwidth>
		<sliderheight>16</sliderheight>
		<textoffsetx>27</textoffsetx>
		<align>left</align>
		<aligny>center</aligny>
	</default>
	<default type="edit">
		<texturefocus border="9">button-default-focus.png</texturefocus>
		<texturenofocus border="9">button-default.png</texturenofocus>
		<font>stouch23</font>
		<textcolor>button-text</textcolor>
		<shadowcolor>shadow-text</shadowcolor>
		<disabledcolor>disabled-text</disabledcolor>
		<invalidcolor>invalid-text</invalidcolor>
		<pulseonselect>false</pulseonselect>
		<textoffsetx>27</textoffsetx>
		<aligny>center</aligny>
	</default>
</includes>