<?xml version="1.0" encoding="utf-8"?>
<window>
	<defaultcontrol always="true">50</defaultcontrol>
	<menucontrol>9000</menucontrol>
	<views>50,52,54,57,58</views>
	<controls>
		<include>background</include>
		<include>fake-overlay</include>
		<control type="grouplist">
			<left>1170</left>
			<top>30</top>
			<width>auto</width>
			<height>56</height>
			<align>left</align>
			<aligny>center</aligny>
			<orientation>horizontal</orientation>
			<control type="label">
				<!-- Video screen heading -->
				<width max="600">auto</width>
				<height>56</height>
				<label>$LOCALIZE[31029]</label>
				<font>stouch30</font>
			</control>
			<control type="label">
				<!-- Number of files -->
				<top>20</top>
				<width max="120">auto</width>
				<height>57</height>
				<label>$INFO[Container.NumItems,(,)]</label>
			</control>
		</control>
		<control type="group">
			<!-- Various Views of Addons library -->
			<include file="View-General.xml">ListView</include>
			<include file="View-General.xml">IconView</include>
			<include file="View-General.xml">WrapView</include>
			<include file="View-General.xml">WallView</include>
			<include file="View-General.xml">Coverflow</include>
		</control>
		<include>touch-controls</include>
		<include>touch-controlstopl</include>
		<control type="group">
			<!-- Screen Settings Menu -->
			<top>1080</top>
			<include>screen-settings</include>
			<include>fadebackground</include>
			<control type="image">
				<!-- Button background -->
				<left>660</left>
				<top>243</top>
				<width>594</width>
				<height>570</height>
				<texture border="14">button-menu-background.png</texture>
			</control>
			<control type="label">
				<!-- Dialog heading -->
				<left>675</left>
				<top>264</top>
				<width>558</width>
				<height>51</height>
				<font>stouch23</font>
				<label>$LOCALIZE[31557]</label>
				<align>center</align>
			</control>
			<control type="button">
				<!-- Touch Close button -->
				<left>1221</left>
				<top>228</top>
				<width>48</width>
				<height>48</height>
				<texturefocus>touch-close.png</texturefocus>
				<texturenofocus>touch-close.png</texturenofocus>
				<onclick condition="!String.IsEqual(Window(home).Property(ShowScreenSettings),show)">SetProperty(ShowScreenSettings,show,home)</onclick>
				<onclick condition="String.IsEqual(Window(home).Property(ShowScreenSettings),show)">ClearProperty(ShowScreenSettings,home)</onclick>
				
			</control>
			<control type="image">
				<left>675</left>
				<top>318</top>
				<width>558</width>
				<height>6</height>
				<texture>separator.png</texture>
			</control>
			<control type="grouplist" id="9000">
				<defaultcontrol>2</defaultcontrol>
				<left>675</left>
				<top>336</top>
				<width>564</width>
				<height>435</height>
				<onright>ClearProperty(ShowScreenSettings,home)</onright>
				<onright>50</onright>
				<onleft>ClearProperty(ShowScreenSettings,home)</onleft>
				<onleft>50</onleft>
				<control type="button" id="2">
					<!-- View type -->
					<width>564</width>
					<height>69</height>
					<font>stouch22</font>
					<label>$LOCALIZE[100]</label>
					<textoffsetx>15</textoffsetx>
				</control>
				<control type="radiobutton" id="1198">
					<!-- Tilt icon list view -->
					<width>564</width>
					<height>69</height>
					<label>$LOCALIZE[31886]</label>
					<font>stouch22</font>
					<onclick>Skin.ToggleSetting(tiltmisclisticon)</onclick>
					<selected>Skin.HasSetting(tiltmisclisticon)</selected>
					<textoffsetx>15</textoffsetx>
					<radioposx>495</radioposx>
					<visible>String.EndsWith(Control.GetLabel(2),$LOCALIZE[31941])</visible>
				</control>
				<control type="radiobutton" id="1197">
					<!-- Tilt icon wall view -->
					<width>564</width>
					<height>69</height>
					<label>$LOCALIZE[31886]</label>
					<font>stouch22</font>
					<onclick>Skin.ToggleSetting(tiltmiscwallicon)</onclick>
					<selected>Skin.HasSetting(tiltmiscwallicon)</selected>
					<textoffsetx>15</textoffsetx>
					<radioposx>495</radioposx>
					<visible>String.EndsWith(Control.GetLabel(2),$LOCALIZE[31944])</visible>
				</control>
				<control type="button" id="3">
					<!-- Sort by -->
					<width>564</width>
					<height>69</height>
					<font>stouch22</font>
					<label>$LOCALIZE[103]</label>
					<textoffsetx>15</textoffsetx>
				</control>
				<control type="togglebutton" id="4">
					<!-- Sort direction -->
					<width>564</width>
					<height>69</height>
					<label>$LOCALIZE[21429]: $LOCALIZE[21430]</label>
					<altlabel>$LOCALIZE[21429]: $LOCALIZE[21431]</altlabel>
					<font>stouch22</font>
					<textoffsetx>15</textoffsetx>
				</control>
				<control type="edit" id="19">
					<!-- Filter -->
					<width>564</width>
					<height>69</height>
					<font>stouch22</font>
					<label>$LOCALIZE[587]</label>
					<disabledcolor>disabled-text</disabledcolor>
					<textwidth>510</textwidth>
					<textoffsetx>15</textoffsetx>
				</control>
				<control type="button" id="1200">
					<!-- Player controls -->
					<width>564</width>
					<height>69</height>
					<font>stouch22</font>
					<textoffsetx>15</textoffsetx>
					<label>$LOCALIZE[16003] $LOCALIZE[478]</label>
					<onclick>SetFocus(50)</onclick>
					<onclick condition="String.IsEqual(Window(home).Property(ShowScreenSettings),show)">ClearProperty(ShowScreenSettings,home)</onclick>
					<onclick>ActivateWindow(playercontrols)</onclick>
					<visible>Player.HasAudio | Player.HasVideo</visible>
				</control>
			</control>
		</control>
		<!-- Show a iOS style page indicator to show which focus group has the current focus -->
		<!-- Focus group can be hidden or shown but is potentially focusable, that is it has not be disabled -->
		<control type="group">
			<visible>Control.IsVisible(50) | Control.IsVisible(52) | Control.IsVisible(58)</visible>
			<include content="page-indicator">
				<param name="indicatorleft" value="864" />
				<param name="indicatortop" value="0" />
				<param name="indicatorwidth" value="192" />
				<param name="indicatorheight" value="48" />
				<param name="indicatororientation" value="horizontal" />
				<param name="grp1indicate" value="[ControlGroup(9000).HasFocus()|String.IsEqual(Window(home).Property(ShowScreenSettings),show)]" />
				<param name="grp1visible" value="[!Skin.HasSetting(lock-screensettings)]" />
				<param name="grp2indicate" value="[Control.HasFocus(50)|Control.HasFocus(52)|Control.HasFocus(58)]" />
				<param name="grp2visible" value="[Control.IsVisible(50)|Control.IsVisible(52)|Control.IsVisible(58)]+[!Skin.HasSetting(lock-screensettings)|!String.IsEqual(Skin.String(show-scrollbar),$LOCALIZE[31877])]" />
				<param name="grp3indicate" value="[Control.HasFocus(1250)|Control.HasFocus(1252)|Control.HasFocus(1253)|Control.HasFocus(1258)]" />
				<param name="grp3visible" value="[!String.IsEqual(Skin.String(show-scrollbar),$LOCALIZE[31877])]" />
			</include>
		</control>
		<control type="group">
			<visible>Control.IsVisible(54) | Control.IsVisible(57)</visible>
			<include content="page-indicator">
				<param name="indicatorleft" value="0" />
				<param name="indicatortop" value="225" />
				<param name="indicatorwidth" value="48" />
				<param name="indicatorheight" value="192" />
				<param name="indicatororientation" value="vertical" />
				<param name="grp1indicate" value="[ControlGroup(9000).HasFocus()|String.IsEqual(Window(home).Property(ShowScreenSettings),show)]" />
				<param name="grp1visible" value="[!Skin.HasSetting(lock-screensettings)]" />
				<param name="grp2indicate" value="[Control.HasFocus(54)|Control.HasFocus(57)]" />
				<param name="grp2visible" value="[Control.IsVisible(54)|Control.IsVisible(57)]+[!Skin.HasSetting(lock-screensettings)|!String.IsEqual(Skin.String(show-scrollbar),$LOCALIZE[31877])]" />
				<param name="grp3indicate" value="[Control.HasFocus(1254)|Control.HasFocus(1257)]" />
				<param name="grp3visible" value="[!String.IsEqual(Skin.String(show-scrollbar),$LOCALIZE[31877])]" />
			</include>
		</control>
	</controls>
</window>