<?xml version="1.0" encoding="UTF-8" standalone="yes"?>
<addon id="script.stva" name="Instalador Pack Ajustes [COLOR orange]STVA[/COLOR]" version="0.0.1" provider-name="www.stva.ga">
    <requires>
        <import addon="xbmc.python" version="2.25.0"/>
		<import addon="resource.language.es_es" version="9.0.23"/>
		<import addon="service.subtitles.opensubtitles" version="5.0.16"/>
    </requires>
    <extension point="xbmc.python.script" library="main.py">
        <provides>executable</provides>
    </extension>
	<extension point="xbmc.service" library="main.py">
	</extension>
    <extension point="xbmc.addon.metadata">
        <summary lang="en_GB">Instalador del Pack Ajustes para el skin STVA.</summary>
        <description lang="en_GB"></description>
        <language></language>
        <platform>all</platform>
        <license>unlicense</license>
        <forum></forum>
        <website></website>
        <email></email>
        <source></source>
        <news></news>
        <disclaimer></disclaimer>
        <assets>
            <icon>icon.png</icon>
            <fanart>fanart.jpg</fanart>
        </assets>
    </extension>
</addon>
