<?xml version="1.0" encoding="UTF-8" standalone="yes"?>
<addon id="plugin.program.stva" name="STVA [COLOR orange]WIZARD[/COLOR]" version="1.0.2" provider-name="www.stva.ml">
  <requires>
    <import addon="xbmc.python" version="2.1.0"/>
  </requires>
  <extension point="xbmc.python.pluginsource" library="default.py">
        <provides>executable</provides>
  </extension>
  <extension point="xbmc.addon.metadata">
    <summary lang="en">STVA wizard</summary>
    <description lang="en">21/2/18
Build STVA para Kodi17 Kodi18 y MyGica
Web: www.stva.ml
Telegram: t.me/stvabuild
</description>
    <platform>all</platform>
  </extension>
</addon>
