<?xml version="1.0" encoding="UTF-8" standalone="yes"?>
<addon id="plugin.program.stva" name="STVA [COLOR orange]WIZARD[/COLOR]" version="1.3.1.1" provider-name="www.stva.ml">
  <requires>
    <import addon="xbmc.python" version="2.1.0"/>
  </requires>
  <extension point="xbmc.python.pluginsource" library="default.py">
        <provides>executable</provides>
  </extension>
  <extension point="xbmc.service" library="service.py" start="startup" />
  <extension point="xbmc.addon.metadata">
    <summary lang="en">STVA wizard</summary>
    <description lang="en">24/3/18
Build STVA para Kodi17 y sus forks
Web: www.stva.ml
Telegram: t.me/stvabuild
Colaboradores: @Decosub, @Webons 
Changelog:
v1.3.1 (24/3/18)
– Configurado Autoplay canal Cinefox en todos los perfiles
– Cambiado configuración color perfil Kids
– Añadido widget Youtube en todos los perfiles
– Corregidos errores internos</description>
    <platform>all</platform>
  </extension>
</addon>
