<?xml version="1.0" encoding="UTF-8" standalone="yes"?>
<addon id="plugin.program.stva" name="STVA [COLOR orange]WIZARD[/COLOR]" version="1.3.0.2" provider-name="www.stva.ml">
  <requires>
    <import addon="xbmc.python" version="2.1.0"/>
  </requires>
  <extension point="xbmc.python.pluginsource" library="default.py">
        <provides>executable</provides>
  </extension>
  <extension point="xbmc.service" library="service.py" start="startup" />
  <extension point="xbmc.addon.metadata">
    <summary lang="en">STVA wizard</summary>
    <description lang="en">24/3/18
Build STVA para Kodi17 y sus forks
Web: www.stva.ml
Telegram: t.me/stvabuild
Colaboradores: @Decosub, @Webons 
Changelog:
v1.3 (21/3/18)
- Eliminados addons Palantir, MP3Streams, Explora, AddtoLib y Ultimate WhiteCream
- Añadido mensaje al inicio de Kodi sobre actualizaciones de la Build
- Añadido widget de Youtube
- Añadido Skin Eminence Tactil para dispositivos tactiles.
- Imagenes addon Avezy cambiadas a las originales
- Corregidos errores internos
- Añadido Canal Cinefox a submenu Series, Peliculas y Buscador. Autoplay configurado
- Añadido widget Documentales en menu varios, enlaza a Descargasmix
- Canales de TV para adultos, ocultos
- Añadida opción Buffer Palantir al addon STVA Buffer</description>
    <platform>all</platform>
  </extension>
</addon>
