<?xml version="1.0" encoding="UTF-8" standalone="yes"?>
<addon id="plugin.program.stva" name="STVA" version="1.0" provider-name="STVA">
  <requires>
    <import addon="xbmc.python" version="2.1.0"/>
  </requires>
  <extension point="xbmc.python.pluginsource" library="default.py">
        <provides>executable</provides>
  </extension>
  <extension point="xbmc.addon.metadata">
    <summary lang="en">STVA wizard</summary>
    <description lang="en">24/1/18
Build STVA para Kodi17 y Mygica</description>
    <platform>all</platform>
  </extension>
</addon>
