<?xml version="1.0" encoding="UTF-8" standalone="yes"?>
<addon id="plugin.program.stvabackup" name="STVA [COLOR red]BACKUP[/COLOR]" version="1.2" provider-name="www.stva.ml">
  <requires>
    <import addon="xbmc.python" version="2.1.0"/>
  </requires>
  <extension point="xbmc.python.pluginsource" library="default.py">
        <provides>executable</provides>
  </extension>
  <extension point="xbmc.addon.metadata">
    <summary lang="en">STVA BACKUP</summary>
    <description lang="en">Guarda tus copias de seguridad.
	- Mod del addon usbwizard</description>
    <platform>all</platform>
  </extension>
</addon>
